SCHOOL,COACH,ASST TOTAL PAY,ASST BONUS,ASST PAY TOTAL
Louisiana State,Dave Aranda,"$2,500,000 ","$150,000 ","$6,645,000 "
Clemson,Brent Venables,"$2,201,500 ","$195,000 ","$7,410,000 "
Texas A&M,Mike Elko,"$2,100,000 ","$280,000 ","$7,145,215 "
Auburn,Kevin Steele,"$1,900,500 ","$515,000 ","$5,902,500 "
Florida,Todd Grantham,"$1,801,500 ","$720,000 ","$5,752,000 "
Texas,Todd Orlando,"$1,710,000 ","$95,000 ","$5,955,699 "
Alabama,Steve Sarkisian,"$1,550,000 ","$312,000 ","$7,541,277 "
Arkansas,John Chavis,"$1,500,000 ","$133,333 ","$4,925,000 "
Mississippi,Mike MacIntyre,"$1,500,000 ","$200,000 ","$5,475,000 "
Michigan,Don Brown,"$1,500,000 ","$683,333 ","$6,005,000 "
Tennessee,Jim Chaney,"$1,500,000 ","$120,000 ","$6,985,000 "
Washington,Jimmy Lake,"$1,400,016 ","$91,000 ","$5,940,048 "
Oklahoma,Alex Grinch,"$1,400,000 ","$280,000 ","$5,835,000 "
South Carolina,Travaris Robinson,"$1,200,000 ","$115,000 ","$5,635,000 "
Alabama,Pete Golding,"$1,100,000 ","$242,000 ","$7,541,277 "
Michigan,Josh Gattis,"$1,100,000 ","$550,000 ","$6,005,000 "
Ohio State,Greg Mattison,"$1,100,000 ","$420,750 ","$7,245,000 "
Baylor,Phil Snow,"$1,052,253 ",--,--
Florida State,Kendal Briles,"$1,020,000 ","$174,167 ","$5,106,583 "
Clemson,Tony Elliott,"$1,001,500 ","$95,000 ","$7,410,000 "
Clemson,Jeff Scott,"$1,001,500 ","$95,000 ","$7,410,000 "
Virginia Tech,Bud Foster,"$1,000,000 ","$92,500 ","$3,670,000 "
Tennessee,Derrick Ansley,"$1,000,000 ","$120,000 ","$6,985,000 "
South Carolina,Bryan McClendon,"$1,000,000 ","$115,000 ","$5,635,000 "
Florida State,Harlon Barnett,"$980,000 ","$170,833 ","$5,106,583 "
Texas Christian,Sonny Cumbie,"$975,437 ",--,--
Wisconsin,Jim Leonhard,"$961,866 ",--,"$4,370,811 "
Georgia,James Coley,"$955,500 ","$234,000 ","$6,212,935 "
Washington,Pete Kwiatkowski,"$950,004 ","$91,000 ","$5,940,048 "
Ohio State,Jeff Hafley,"$950,000 ","$524,875 ","$7,245,000 "
Ohio State,Mike Yurcich,"$950,000 ","$363,375 ","$7,245,000 "
Ohio State,Kevin Wilson,"$950,000 ","$363,375 ","$7,245,000 "
Missouri,Derek Dooley,"$925,000 ","$165,000 ","$4,729,500 "
Georgia,Sam Pittman,"$905,000 ","$225,000 ","$6,212,935 "
Ohio State,Larry Johnson,"$900,000 ","$344,250 ","$7,245,000 "
Mississippi,Rich Rodriguez,"$900,000 ","$200,000 ","$5,475,000 "
Kentucky,Eddie Gran,"$876,200 ","$145,833 ","$5,147,350 "
Iowa State,Jon Heacock,"$850,000 ","$170,000 ","$4,236,600 "
Oregon,Marcus Arroyo,"$825,000 ","$130,000 ","$4,967,000 "
Utah,Andy Ludwig,"$820,000 ","$68,333 ","$4,140,000 "
Utah,Morgan Scalley,"$820,000 ","$68,333 ","$4,140,000 "
Texas A&M,Darrell Dickey,"$808,600 ","$170,000 ","$7,145,215 "
California,Tim DeRuyter,"$808,500 ","$50,000 ","$4,084,100 "
Tennessee,Chris Rumph,"$805,000 ","$120,000 ","$6,985,000 "
Tennessee,Will Friend,"$805,000 ","$120,000 ","$6,985,000 "
Nebraska,Erik Chinander,"$800,000 ","$320,000 ","$4,475,000 "
Iowa,Phil Parker,"$800,000 ",--,"$4,710,600 "
Alabama,Charles Kelly,"$800,000 ","$176,000 ","$7,541,277 "
Missouri,Ryan Walters,"$800,000 ","$165,000 ","$4,729,500 "
Louisiana State,Steve Ensminger,"$800,000 ","$275,000 ","$6,645,000 "
Maryland,Scottie Montgomery,"$800,000 ","$225,000 ","$3,690,000 "
Texas,Tim Beck,"$800,000 ","$95,000 ","$5,955,699 "
Illinois,Rod Smith,"$800,000 ","$294,000 ","$3,446,000 "
Indiana,Kalen DeBoer,"$800,000 ","$141,667 ","$3,693,922 "
Iowa,Brian Ferentz,"$775,600 ",--,"$4,710,600 "
Wisconsin,Joe Rudolph,"$770,200 ",--,"$4,370,811 "
Oregon,Andy Avalos,"$765,000 ","$130,000 ","$4,967,000 "
Georgia,Dan Lanning,"$755,500 ","$234,000 ","$6,212,935 "
Washington,Bush Hamdan,"$750,000 ","$91,000 ","$5,940,048 "
Alabama,Brian Baker,"$750,000 ","$165,000 ","$7,541,277 "
Arizona State,Rob Likens,"$750,000 ","$135,000 ","$4,035,000 "
Oklahoma,Bill Bedenbaugh,"$750,000 ","$140,000 ","$5,835,000 "
Georgia,Charlton Warren,"$725,435 ","$210,000 ","$6,212,935 "
Michigan State,Mike Tressel,"$725,000 ","$250,269 ","$4,902,552 "
Minnesota,Kirk Ciarrocca,"$720,000 ","$145,000 ","$3,055,000 "
Tennessee,Kevin Sherrer,"$705,000 ","$120,000 ","$6,985,000 "
Auburn,Rodney Garner,"$700,500 ","$202,500 ","$5,902,500 "
South Carolina,Eric Wolford,"$700,000 ","$115,000 ","$5,635,000 "
Nebraska,Troy Walters,"$700,000 ","$280,000 ","$4,475,000 "
UCLA,Jerry Azzinaro,"$700,000 ","$100,000 ","$4,230,800 "
South Carolina,Dan Werner,"$700,000 ","$115,000 ","$5,635,000 "
UCLA,Justin Frye,"$700,000 ","$100,000 ","$4,230,800 "
Penn State,Brent Pry,"$693,503 ",--,--
California,Peter Sirmon,"$679,200 ","$50,000 ","$4,084,100 "
Purdue,Nick Holt,"$670,000 ","$300,750 ","$3,535,000 "
Georgia,Dell McGee,"$654,500 ","$210,000 ","$6,212,935 "
California,Beau Baldwin,"$651,500 ","$50,000 ","$4,084,100 "
West Virginia,Vic Koenning,"$651,000 ","$95,000 ","$3,290,000 "
Texas,Herb Hand,"$650,000 ","$95,000 ","$5,955,699 "
Oregon,Joe Salave'a,"$650,000 ","$130,000 ","$4,967,000 "
Iowa State,Tom Manning,"$650,000 ","$130,000 ","$4,236,600 "
Maryland,Jon Hoke,"$650,000 ","$225,000 ","$3,690,000 "
Alabama,Kyle Flood,"$650,000 ","$143,000 ","$7,541,277 "
Louisville,Bryan Brown,"$650,000 ","$97,500 ","$3,820,000 "
Louisville,Dwayne Ledford,"$650,000 ","$97,500 ","$3,820,000 "
Alabama,Sal Sunseri,"$650,000 ","$143,000 ","$7,541,277 "
NC State,Dave Huxtable,"$640,000 ","$175,000 ","$3,795,000 "
Kentucky,Brad White,"$625,000 ","$104,167 ","$5,147,350 "
Michigan,Ed Warinner,"$625,000 ","$233,333 ","$6,005,000 "
Rutgers,John McNulty,"$625,000 ","$152,083 ","$3,221,042 "
Iowa,Ken O'Keefe,"$625,000 ",--,"$4,710,600 "
Texas A&M,Josh Henson,"$604,615 ","$105,000 ","$7,145,215 "
Florida,Billy Gonzales,"$601,500 ","$240,000 ","$5,752,000 "
Florida,John Hevesy,"$601,500 ","$240,000 ","$5,752,000 "
Kentucky,Vince Marrow,"$600,900 ","$100,000 ","$5,147,350 "
Texas Tech,David Yost,"$600,000 ","$200,000 ","$3,331,333 "
North Carolina,Phil Longo,"$600,000 ","$100,000 ","$4,075,000 "
Oklahoma State,Jim Knowles,"$600,000 ","$165,000 ","$4,210,000 "
North Carolina,Jay Bateman,"$600,000 ","$100,000 ","$4,075,000 "
Texas A&M,Dameyune Craig,"$600,000 ","$105,000 ","$7,145,215 "
Arizona,Noel Mazzone,"$600,000 ","$55,000 ","$2,990,000 "
Oregon,Keith Heyward,"$600,000 ","$130,000 ","$4,967,000 "
Mississippi State,Bob Shoop,"$600,000 ","$50,000 ","$3,680,000 "
Ohio State,Tony Alford,"$600,000 ","$229,500 ","$7,245,000 "
Arkansas,Joe Craddock IV,"$600,000 ","$133,333 ","$4,925,000 "
Georgia Tech,Brent Key,"$600,000 ",--,"$3,205,000 "
Oklahoma State,Kasey Dunn,"$600,000 ","$152,500 ","$4,210,000 "
Louisiana State,Tommie Robinson,"$600,000 ","$125,000 ","$6,645,000 "
Ohio State,Greg Studrawa,"$600,000 ","$229,500 ","$7,245,000 "
Texas Tech,Keith Patterson,"$600,000 ","$200,000 ","$3,331,333 "
Washington State,Tracy Claeys,"$583,333 ","$147,500 ","$3,463,790 "
Texas A&M,Elijah Robinson,"$583,000 ","$105,000 ","$7,145,215 "
Oregon State,Tim Tibesar,"$575,004 ","$45,834 ","$3,100,056 "
Arizona State,Danny Gonzales,"$575,000 ","$131,500 ","$4,035,000 "
Oklahoma,Ruffin McNeill,"$575,000 ","$115,000 ","$5,835,000 "
Clemson,Robbie Caldwell,"$571,500 ","$95,000 ","$7,410,000 "
Michigan State,Brad Salem,"$563,000 ","$194,192 ","$4,902,552 "
Michigan State,Dave Warner,"$562,001 ","$193,847 ","$4,902,552 "
Arizona,Marcel Yates,"$560,000 ","$55,000 ","$2,990,000 "
Georgia,Glenn Schumann,"$555,500 ","$195,000 ","$6,212,935 "
Georgia,Cortez Hankton,"$555,500 ","$195,000 ","$6,212,935 "
Colorado,Jay Johnson,"$550,625 ","$105,769 ","$3,155,000 "
Washington,Bob Gregory,"$550,008 ","$91,000 ","$5,940,048 "
Washington,Scott Huff,"$550,008 ","$91,000 ","$5,940,048 "
Texas A&M,Jay Graham,"$550,000 ","$105,000 ","$7,145,215 "
Kansas State,Scottie Hazelton,"$550,000 ","$196,000 ","$3,475,700 "
Utah,Jim Harding,"$550,000 ","$45,833 ","$4,140,000 "
Virginia,Robert Anae,"$550,000 ","$137,500 ","$3,400,000 "
Oklahoma State,Sean Gleeson,"$550,000 ","$152,500 ","$4,210,000 "
Virginia,Nick Howell,"$550,000 ","$100,000 ","$3,400,000 "
Michigan State,Jim Bollman,"$542,001 ","$186,923 ","$4,902,552 "
Alabama,Jeff Banks,"$541,277 ","$143,000 ","$7,541,277 "
Oklahoma,Cale Gundy,"$535,000 ","$107,000 ","$5,835,000 "
Alabama,Charles Huff,"$525,000 ","$115,500 ","$7,541,277 "
Rutgers,Andy Buh,"$525,000 ","$43,750 ","$3,221,042 "
Texas,Stanley Drayton,"$525,000 ","$95,000 ","$5,955,699 "
Kentucky,Jon Sumrall,"$525,000 ","$87,500 ","$5,147,350 "
Alabama,Karl Scott,"$525,000 ","$115,500 ","$7,541,277 "
Missouri,Brick Haley,"$515,000 ","$165,000 ","$4,729,500 "
Missouri,Brad Davis,"$510,000 ","$165,000 ","$4,729,500 "
Texas A&M,Terry Price,"$508,000 ","$105,000 ","$7,145,215 "
Texas A&M,Bradley Dale Peveto,"$508,000 ","$105,000 ","$7,145,215 "
Clemson,Danny Pearman,"$506,500 ","$95,000 ","$7,410,000 "
Tennessee,Tracy Rocker,"$505,000 ","$120,000 ","$6,985,000 "
Tennessee,David Johnson,"$505,000 ","$120,000 ","$6,985,000 "
Clemson,Brandon Streeter,"$501,500 ","$95,000 ","$7,410,000 "
Kentucky,Darin Hinshaw,"$500,900 ","$83,333 ","$5,147,350 "
Colorado,Tyson Summers,"$500,625 ","$96,154 ","$3,155,000 "
Colorado,Darrin Chiaverini,"$500,625 ","$96,153 ","$3,155,000 "
Auburn,Larry Porter,"$500,500 ","$158,750 ","$5,902,500 "
Oregon State,Brian Lindgren,"$500,004 ","$41,667 ","$3,100,056 "
Houston,Brandon Jones,"$500,000 ","$93,750 ","$2,925,000 "
Ohio State,Al Washington,"$500,000 ","$191,250 ","$7,245,000 "
Iowa,Seth Wallace,"$500,000 ",--,"$4,710,600 "
Auburn,Kenny Dillingham,"$500,000 ","$165,000 ","$5,902,500 "
Kansas,Clint Bowen,"$500,000 ","$150,000 ","$3,515,000 "
North Carolina,Tommy Thigpen,"$500,000 ","$83,333 ","$4,075,000 "
Michigan,Chris Partridge,"$500,000 ","$171,875 ","$6,005,000 "
Kansas,Les Koenning,"$500,000 ","$150,000 ","$3,515,000 "
Kansas State,Courtney Messingham,"$500,000 ","$180,000 ","$3,475,700 "
Texas,Craig Naivar,"$500,000 ","$95,000 ","$5,955,699 "
Oklahoma State,Charlie Dickey,"$500,000 ","$140,000 ","$4,210,000 "
Nebraska,Greg Austin,"$500,000 ","$200,000 ","$4,475,000 "
Mississippi,Freddie Roach,"$500,000 ","$105,000 ","$5,475,000 "
Arizona State,Antonio Pierce,"$500,000 ","$130,000 ","$4,035,000 "
UCLA,Paul Rhoads,"$500,000 ","$100,000 ","$4,230,800 "
Clemson,Mike Reed,"$496,500 ","$95,000 ","$7,410,000 "
NC State,Des Kitchings,"$492,500 ","$137,500 ","$3,795,000 "
NC State,George McDonald,"$492,500 ","$137,500 ","$3,795,000 "
Virginia Tech,Brad Cornelsen,"$490,000 ","$85,000 ","$3,670,000 "
Louisiana State,James Cregg,"$485,000 ","$75,000 ","$6,645,000 "
Florida State,Odell Haggins,"$482,000 ","$85,333 ","$5,106,583 "
Florida,Greg Knox,"$476,500 ","$190,000 ","$5,752,000 "
Georgia,Tray Scott,"$475,500 ","$195,000 ","$6,212,935 "
South Carolina,Coleman Hutzler,"$475,000 ","$115,000 ","$5,635,000 "
Florida State,Randy Clements,"$475,000 ","$42,500 ","$5,106,583 "
Nebraska,Jovan Dewitt,"$475,000 ","$190,000 ","$4,475,000 "
Oklahoma,Jay Boulware,"$470,000 ","$94,000 ","$5,835,000 "
Oklahoma,Shane Beamer,"$470,000 ","$94,000 ","$5,835,000 "
Kentucky,John Schlarman,"$465,900 ","$77,500 ","$5,147,350 "
Michigan State,Ron Burton,"$462,001 ","$159,231 ","$4,902,552 "
Purdue,Anthony Poindexter,"$460,000 ","$161,000 ","$3,535,000 "
Cincinnati,Mike Denbrock,"$460,000 ","$41,667 ","$2,710,000 "
Louisiana State,Corey Raymond,"$460,000 ","$75,000 ","$6,645,000 "
Oklahoma,Dennis Simmons,"$460,000 ","$92,000 ","$5,835,000 "
Texas A&M,Maurice Linguist,"$458,000 ","$105,000 ","$7,145,215 "
Washington,Ikaika Malloe,"$455,004 ","$91,000 ","$5,940,048 "
Florida,Ron English,"$451,500 ","$180,000 ","$5,752,000 "
Florida,Larry Scott,"$451,500 ","$180,000 ","$5,752,000 "
Florida,Brian Johnson,"$451,500 ","$180,000 ","$5,752,000 "
Kentucky,Michael Smith,"$450,750 ","$75,000 ","$5,147,350 "
Auburn,Travis Williams,"$450,500 ","$152,500 ","$5,902,500 "
Georgia Tech,Andrew Thacker,"$450,000 ",--,"$3,205,000 "
Mississippi,Derrick Nix,"$450,000 ","$105,000 ","$5,475,000 "
Indiana,Kane Wommack,"$450,000 ","$110,000 ","$3,693,922 "
UCLA,Dana Bible,"$450,000 ","$100,000 ","$4,230,800 "
Florida,Torrian Gray,"$450,000 ","$181,500 ","$5,752,000 "
Tennessee,Tee Martin,"$450,000 ","$108,000 ","$6,985,000 "
Florida State,Mark Snyder,"$450,000 ","$82,500 ","$5,106,583 "
Mississippi,Jacob Peeler,"$450,000 ","$105,000 ","$5,475,000 "
Kansas,D.J. Eliot,"$450,000 ","$135,000 ","$3,515,000 "
Houston,Joe Cauthen,"$450,000 ","$84,375 ","$2,925,000 "
Alabama,Holmon Wiggins,"$450,000 ","$99,000 ","$7,541,277 "
Michigan State,Paul Haynes,"$449,700 ","$155,769 ","$4,902,552 "
Virginia Tech,James Shibest,"$445,000 ","$80,000 ","$3,670,000 "
Michigan State,Mark Staten,"$438,000 ","$150,923 ","$4,902,552 "
Purdue,Brian Brohm,"$435,000 ","$152,250 ","$3,535,000 "
Louisiana State,Bill Busch,"$435,000 ","$75,000 ","$6,645,000 "
Louisiana State,Greg McMahon,"$435,000 ","$75,000 ","$6,645,000 "
South Carolina,"John Scott, Jr.","$435,000 ","$115,000 ","$5,635,000 "
West Virginia,Matt Moore,"$426,000 ","$95,000 ","$3,290,000 "
Oregon State,Jim Michalczik,"$425,004 ","$35,417 ","$3,100,056 "
Oklahoma,Roy Manning,"$425,000 ","$85,000 ","$5,835,000 "
Auburn,Marcus Woodson,"$425,000 ","$140,000 ","$5,902,500 "
NC State,Kevin Patrick,"$425,000 ","$100,000 ","$3,795,000 "
Colorado,Chris Kapilovic,"$425,000 ","$81,730 ","$3,155,000 "
Michigan,Michael Zordich,"$425,000 ","$70,833 ","$6,005,000 "
Texas A&M,Joe Jon Finley,"$425,000 ","$105,000 ","$7,145,215 "
Auburn,J.B. Grimes,"$425,000 ","$146,250 ","$5,902,500 "
Arizona State,Dave Christensen,"$425,000 ","$107,500 ","$4,035,000 "
Purdue,JaMarcus Shephard,"$425,000 ","$148,750 ","$3,535,000 "
Cincinnati,Marcus Freeman,"$425,000 ","$39,000 ","$2,710,000 "
Central Florida,Glen Elarbee,"$425,000 ",--,"$2,837,000 "
Michigan State,Terrence Samuel,"$422,001 ","$145,385 ","$4,902,552 "
Wisconsin,Chris Haering,"$420,200 ",--,"$4,370,811 "
Michigan State,Chuck Bullough,"$420,001 ","$145,385 ","$4,902,552 "
Oklahoma State,Joe Bob Clements,"$420,000 ","$120,000 ","$4,210,000 "
Arizona State,Shawn Slocum,"$420,000 ","$128,400 ","$4,035,000 "
Missouri,Andy Hill,"$417,500 ","$165,000 ","$4,729,500 "
Michigan,Anthony Campanile,"$415,000 ","$138,333 ","$6,005,000 "
Washington State,Jeff Phelps,"$411,500 ","$61,437 ","$3,463,790 "
Indiana,Darren Hiller,"$410,040 ","$110,000 ","$3,693,922 "
Louisiana State,Joe Brady,"$410,000 ","$75,000 ","$6,645,000 "
Purdue,Greg Brown,"$410,000 ","$143,500 ","$3,535,000 "
Indiana,Mark Hagen,"$408,000 ","$110,000 ","$3,693,922 "
California,Marques Tuiasosopo,"$401,500 ","$50,000 ","$4,084,100 "
Clemson,Mickey Conn,"$401,500 ","$95,000 ","$7,410,000 "
California,Steve Greatwood,"$401,500 ","$50,000 ","$4,084,100 "
West Virginia,Chad Scott,"$401,000 ","$95,000 ","$3,290,000 "
Kentucky,Steven Clinkscale,"$400,900 ","$66,667 ","$5,147,350 "
Texas,Oscar Giles,"$400,499 ","$95,000 ","$5,955,699 "
Iowa State,Tyson Veidt,"$400,100 ","$80,000 ","$4,236,600 "
Oregon,Donte Williams,"$400,000 ","$130,000 ","$4,967,000 "
Kansas,Tony Hull,"$400,000 ","$120,000 ","$3,515,000 "
Utah,Sharrieff Shah,"$400,000 ","$33,333 ","$4,140,000 "
Iowa State,D.K. McDonald,"$400,000 ","$80,000 ","$4,236,600 "
Iowa State,Joel Gordon,"$400,000 ","$80,000 ","$4,236,600 "
Mississippi State,Tony Hughes,"$400,000 ","$33,333 ","$3,680,000 "
North Carolina,Robert Gillespie,"$400,000 ","$66,667 ","$4,075,000 "
Houston,Doug Belk,"$400,000 ","$75,000 ","$2,925,000 "
Nebraska,Sean Beckton,"$400,000 ","$160,000 ","$4,475,000 "
Arkansas,Justin Stepp,"$400,000 ","$133,333 ","$4,925,000 "
Arizona State,Charlie Fisher,"$400,000 ","$108,000 ","$4,035,000 "
Kansas State,Conor Riley,"$400,000 ","$148,000 ","$3,475,700 "
South Carolina,Bobby Bentley,"$400,000 ","$115,000 ","$5,635,000 "
Florida State,Raymond Woodie,"$400,000 ","$71,667 ","$5,106,583 "
Mississippi State,Mike Johnson,"$400,000 ","$33,333 ","$3,680,000 "
Michigan,Shaun Nua,"$400,000 ","$66,667 ","$6,005,000 "
Minnesota,Joseph Rossi,"$400,000 ","$145,000 ","$3,055,000 "
Iowa State,Alex Golesh,"$400,000 ","$80,000 ","$4,236,600 "
Houston,Marquel Blackwell,"$400,000 ","$75,000 ","$2,925,000 "
North Carolina,Tim Brewster,"$400,000 ","$66,667 ","$4,075,000 "
Georgia Tech,Dave Patenaude,"$400,000 ",--,"$3,205,000 "
North Carolina,Lonnie Galloway,"$400,000 ","$66,667 ","$4,075,000 "
UCLA,Don Pellum,"$400,000 ","$100,000 ","$4,230,800 "
Arkansas,Dustin Fry,"$400,000 ","$133,333 ","$4,925,000 "
Mississippi State,Deke Adams,"$400,000 ","$33,333 ","$3,680,000 "
Texas,Derek Warehime,"$400,000 ","$95,000 ","$5,955,699 "
Mississippi,Jack Bicknell Jr.,"$400,000 ","$105,000 ","$5,475,000 "
Memphis,Adam Fuller,"$400,000 ","$33,333 ","$2,540,000 "
Louisville,Cort Dennison,"$400,000 ","$60,000 ","$3,820,000 "
Illinois,Gill Byrd,"$400,000 ","$84,000 ","$3,446,000 "
Wisconsin,Ted Gilmore,"$395,200 ",--,"$4,370,811 "
Wisconsin,Inoke Breckterfield,"$395,200 ",--,"$4,370,811 "
Iowa,Tim Polasek,"$390,000 ",--,"$4,710,600 "
Iowa,LeVar Woods,"$385,000 ",--,"$4,710,600 "
Washington,Keith Bhonapha,"$380,004 ","$91,000 ","$5,940,048 "
South Florida,Kerwin Bell,"$380,000 ","$76,000 ","$2,325,000 "
Clemson,Todd Bates,"$376,500 ","$95,000 ","$7,410,000 "
Kentucky,Dean Hood,"$375,900 ","$62,500 ","$5,147,350 "
Oklahoma,Brian Odom,"$375,000 ","$75,000 ","$5,835,000 "
Nebraska,Tony Tuioti,"$375,000 ","$150,000 ","$4,475,000 "
Oklahoma State,Tim Duffie,"$375,000 ","$108,750 ","$4,210,000 "
Maryland,Joker Phillips,"$375,000 ","$137,500 ","$3,690,000 "
Florida State,David Kelly,"$375,000 ","$67,500 ","$5,106,583 "
Virginia,Kelly Poppinga,"$375,000 ","$87,500 ","$3,400,000 "
Florida,David Turner,"$375,000 ","$151,500 ","$5,752,000 "
Central Florida,Jeff Lebby,"$375,000 ",--,"$2,837,000 "
Mississippi,Charles Clark,"$375,000 ","$105,000 ","$5,475,000 "
Maryland,John Reagan,"$375,000 ","$137,500 ","$3,690,000 "
Washington,Junior Adams,"$375,000 ","$91,000 ","$5,940,048 "
Iowa,Kelvin Bell,"$375,000 ",--,"$4,710,600 "
Oklahoma,Calvin Thibodeaux,"$375,000 ","$75,000 ","$5,835,000 "
Nebraska,Mario Verduzco,"$375,000 ","$150,000 ","$4,475,000 "
Texas Tech,Mark Tommerdahl,"$373,333 ","$124,444 ","$3,331,333 "
Wisconsin,John Settle,"$370,200 ",--,"$4,370,811 "
Wisconsin,Robert Bostad,"$370,200 ",--,"$4,370,811 "
Louisville,Gunter Brewer,"$370,000 ","$55,500 ","$3,820,000 "
Missouri,Cornell Ford,"$370,000 ","$165,000 ","$4,729,500 "
Arkansas,Jeff Traylor,"$370,000 ","$123,333 ","$4,925,000 "
South Florida,Brian Jean-Mary,"$370,000 ","$74,000 ","$2,325,000 "
Oregon,Jim Mastro,"$367,000 ","$130,000 ","$4,967,000 "
Arkansas,Barry Lunney Jr.,"$365,000 ","$121,667 ","$4,925,000 "
Memphis,Ryan Silverfield,"$360,000 ","$30,000 ","$2,540,000 "
Arkansas,Steve Caldwell,"$360,000 ","$120,000 ","$4,925,000 "
Central Florida,Willie Martinez,"$356,000 ",--,"$2,837,000 "
Tennessee,Chris Weinke,"$355,000 ","$49,000 ","$6,985,000 "
Arkansas,Ron Cooper,"$355,000 ","$118,333 ","$4,925,000 "
Tennessee,Brian Niedermeyer,"$355,000 ","$84,000 ","$6,985,000 "
Wyoming,Brent Vigen,"$352,850 ","$25,000 ","$1,853,286 "
Clemson,Lemanski Hall,"$351,500 ","$95,000 ","$7,410,000 "
Auburn,Kodi Burns,"$350,500 ","$127,500 ","$5,902,500 "
Texas,Drew Mehringer,"$350,200 ","$95,000 ","$5,955,699 "
NC State,John Garrison,"$350,000 ","$100,000 ","$3,795,000 "
NC State,Kurt Roper,"$350,000 ","$100,000 ","$3,795,000 "
Mississippi State,Terrell Buckley,"$350,000 ","$29,167 ","$3,680,000 "
Maryland,John Papuchis,"$350,000 ","$125,000 ","$3,690,000 "
Utah,Guy Holliday,"$350,000 ","$29,167 ","$4,140,000 "
Kansas State,Joe Klanderman,"$350,000 ","$132,000 ","$3,475,700 "
Mississippi State,Chris Marve,"$350,000 ","$29,167 ","$3,680,000 "
Virginia,Jason Beck,"$350,000 ","$75,000 ","$3,400,000 "
Oklahoma State,Dan Hammerschmidt,"$350,000 ","$102,500 ","$4,210,000 "
Mississippi State,Terry Richardson,"$350,000 ","$29,167 ","$3,680,000 "
Oregon,Ken Wilson,"$350,000 ","$130,000 ","$4,967,000 "
Ohio State,Matt Barnes,"$350,000 ","$133,875 ","$7,245,000 "
Oregon,Bobby Williams,"$350,000 ","$130,000 ","$4,967,000 "
Virginia,Garett Tujague,"$350,000 ","$87,500 ","$3,400,000 "
Michigan,Sherrone Moore,"$350,000 ","$58,333 ","$6,005,000 "
Michigan,Jay Harbaugh,"$350,000 ","$87,500 ","$6,005,000 "
Oregon,Alex Mirabal,"$350,000 ","$130,000 ","$4,967,000 "
UCLA,Derek Sage,"$350,000 ","$100,000 ","$4,230,800 "
Florida International,Rich Skrosky,"$349,950 ","$37,500 ","$1,661,122 "
San Diego State,Jeff Horton,"$347,064 ","$91,237 ","$1,801,636 "
Florida State,Donte Pimpleton,"$345,000 ","$62,500 ","$5,106,583 "
Ohio State,Brian Hartline,"$345,000 ","$131,962 ","$7,245,000 "
Missouri,Vernon Hargreaves,"$342,000 ","$165,000 ","$4,729,500 "
UCLA,Jimmie Dougherty,"$340,400 ","$100,000 ","$4,230,800 "
Fresno State,Bert Watts,"$340,000 ","$69,400 ","$2,000,000 "
Arkansas,Kenny Ingram,"$340,000 ","$113,333 ","$4,925,000 "
Kansas,Kwahn Drake,"$340,000 ","$102,000 ","$3,515,000 "
Iowa State,Eli Rasheed,"$340,000 ","$68,000 ","$4,236,600 "
Michigan,Ben McDaniels,"$340,000 ","$50,000 ","$6,005,000 "
Illinois,Andrew Hayes-Stoker,"$335,000 ","$140,700 ","$3,446,000 "
Indiana,Grant Heard,"$333,158 ","$110,000 ","$3,693,922 "
Colorado State,John Jancek,"$333,125 ","$65,521 ","$1,949,875 "
Indiana,William Inge,"$332,880 ","$110,000 ","$3,693,922 "
Illinois,Bob Ligashesky,"$331,000 ","$139,020 ","$3,446,000 "
Georgia,Scott Fountain,"$330,500 ","$180,000 ","$6,212,935 "
Utah State,Justin Ena,"$330,000 ","$27,500 ","$1,780,000 "
Cincinnati,Ron Crook,"$330,000 ","$41,666 ","$2,710,000 "
Utah State,Mike Sanford,"$330,000 ","$27,500 ","$1,780,000 "
Kansas State,Collin Klein,"$328,700 ","$124,000 ","$3,475,700 "
Indiana,Mike Hart,"$326,500 ","$110,000 ","$3,693,922 "
Washington State,Mason Miller,"$326,500 ","$50,812 ","$3,463,790 "
Kentucky,Derrick LeBlanc,"$325,900 ","$54,167 ","$5,147,350 "
Florida State,Telly Lockette,"$325,000 ","$59,167 ","$5,106,583 "
Auburn,Wesley McGriff,"$325,000 ","$115,000 ","$5,902,500 "
Auburn,Carnell Williams,"$325,000 ","$121,250 ","$5,902,500 "
UL Lafayette,Ron Roberts,"$325,000 ","$27,083 ","$1,751,500 "
Georgia Tech,Nathan Burton,"$325,000 ",--,"$3,205,000 "
Kansas,Mike Ekeler,"$325,000 ","$97,500 ","$3,515,000 "
North Carolina,Scott Boone,"$325,000 ","$54,167 ","$4,075,000 "
UL Lafayette,Rob Sale,"$325,000 ","$27,083 ","$1,751,500 "
Nebraska,Travis Fisher,"$325,000 ","$130,000 ","$4,475,000 "
Middle Tennessee,Tony Franklin,"$321,900 ","$115,000 ","$1,299,850 "
Middle Tennessee,Scott Shafer,"$321,900 ","$115,000 ","$1,299,850 "
Wisconsin,Bobby April,"$320,200 ",--,"$4,370,811 "
Texas,Jason Washington,"$320,000 ","$95,000 ","$5,955,699 "
Rutgers,Pete Rossomando,"$320,000 ","$26,667 ","$3,221,042 "
Missouri,Garrick McGee,"$320,000 ","$165,000 ","$4,729,500 "
Virginia Tech,Zohn Burden,"$320,000 ","$56,667 ","$3,670,000 "
Michigan State,Don Treadwell,"$318,847 ","$119,567 ","$4,902,552 "
Washington State,Darcel McBath,"$316,500 ","$43,938 ","$3,463,790 "
Mississippi State,Marcus Johnson,"$315,000 ","$26,250 ","$3,680,000 "
Mississippi State,Andrew Breiner,"$315,000 ","$26,250 ","$3,680,000 "
Oklahoma State,Jason McEndoo,"$315,000 ","$93,750 ","$4,210,000 "
Connecticut,Frank Giufre,"$313,500 ","$170,577 ","$1,810,875 "
Connecticut,Lou Spanos,"$313,500 ","$170,577 ","$1,810,875 "
San Jose State,Derrick Odum,"$311,256 ","$3,000 ","$1,594,572 "
Illinois,Bob McClain,"$310,000 ","$130,200 ","$3,446,000 "
Oregon,Jovon Bouknight,"$310,000 ","$130,000 ","$4,967,000 "
Louisiana State,Mickey Joseph,"$310,000 ","$75,000 ","$6,645,000 "
Iowa,Jay Niemann,"$310,000 ",--,"$4,710,600 "
West Virginia,Jahmile Addae,"$306,000 ","$95,000 ","$3,290,000 "
Fresno State,Ryan Grubb,"$305,000 ","$63,800 ","$2,000,000 "
NC State,George Barlow,"$305,000 ","$100,000 ","$3,795,000 "
Washington State,Roc Bellantoni,"$304,288 ","$43,312 ","$3,463,790 "
Boise State,Zak Hill,"$301,519 ","$42,500 ","$2,127,135 "
Washington State,Kendrick Shaver,"$301,500 ","$47,688 ","$3,463,790 "
West Virginia,Blake Seiler,"$301,000 ","$95,000 ","$3,290,000 "
West Virginia,Jordan Lesley,"$301,000 ","$95,000 ","$3,290,000 "
Oregon State,Trent Bray,"$300,012 ","$25,001 ","$3,100,056 "
Oregon State,Legi Suiaunoa,"$300,012 ","$25,001 ","$3,100,056 "
South Carolina,Thomas Brown,"$300,000 ","$115,000 ","$5,635,000 "
Mississippi,Jeff Koonz,"$300,000 ","$105,000 ","$5,475,000 "
Mississippi,Calvin Magee,"$300,000 ","$105,000 ","$5,475,000 "
Arizona State,Tony White,"$300,000 ","$106,000 ","$4,035,000 "
Central Florida,Randy Shannon,"$300,000 ",--,"$2,837,000 "
North Carolina,Tim Cross,"$300,000 ","$50,000 ","$4,075,000 "
Memphis,John Simon,"$300,000 ","$25,000 ","$2,540,000 "
Louisville,Dale Jones,"$300,000 ","$45,000 ","$3,820,000 "
South Carolina,Mike Peterson,"$300,000 ","$115,000 ","$5,635,000 "
Oklahoma State,John Wozniak,"$300,000 ","$90,000 ","$4,210,000 "
Kansas State,Jason Ray,"$300,000 ","$116,000 ","$3,475,700 "
Missouri,David Gibbs,"$300,000 ","$165,000 ","$4,729,500 "
Louisville,ShaDon Brown,"$300,000 ","$45,000 ","$3,820,000 "
East Carolina,Donnie Kirkpatrick,"$300,000 ","$30,000 ","$1,788,950 "
Kansas State,Brian Anderson,"$300,000 ","$116,000 ","$3,475,700 "
Louisville,Mark Ivey,"$300,000 ","$45,000 ","$3,820,000 "
Utah,Lewis Powell,"$300,000 ","$25,000 ","$4,140,000 "
Troy,Brandon Hall,"$300,000 ","$37,500 ","$1,415,000 "
Houston,Tyron Carrier,"$300,000 ","$112,500 ","$2,925,000 "
Georgia,Todd Hartley,"$300,000 ","$180,000 ","$6,212,935 "
Louisville,Stu Holt,"$300,000 ","$45,000 ","$3,820,000 "
Utah,Fred Whittingham,"$300,000 ","$25,000 ","$4,140,000 "
Washington,Jordan Paopao,"$300,000 ","$91,000 ","$5,940,048 "
NC State,Todd Goebbel,"$300,000 ","$100,000 ","$3,795,000 "
Kansas State,Van Malone,"$300,000 ","$116,000 ","$3,475,700 "
Iowa,Kelton Copeland,"$300,000 ",--,"$4,710,600 "
Texas,Corby Meekins,"$300,000 ","$95,000 ","$5,955,699 "
Georgia Tech,Chris Wiesehan,"$300,000 ",--,"$3,205,000 "
North Carolina,Stacy Searels,"$300,000 ","$50,000 ","$4,075,000 "
Memphis,Pete Lembo,"$300,000 ","$25,000 ","$2,540,000 "
San Jose State,Kevin McGiven,"$300,000 ","$3,000 ","$1,594,572 "
Nebraska,Ryan Held,"$300,000 ","$120,000 ","$4,475,000 "
Mississippi,Tyrone Nix,"$300,000 ","$105,000 ","$5,475,000 "
Texas Tech,Paul Randolph,"$300,000 ","$100,000 ","$3,331,333 "
East Carolina,Bob Trott,"$300,000 ","$30,000 ","$1,788,950 "
Louisville,Frank Ponce,"$300,000 ","$45,000 ","$3,820,000 "
Washington State,Steve Spurrier Jr.,"$296,500 ","$47,062 ","$3,463,790 "
North Texas,Troy Reffett,"$295,000 ","$24,583 ","$1,775,000 "
Washington State,David Nichol,"$291,500 ","$46,437 ","$3,463,790 "
UCLA,DeShaun Foster,"$290,400 ","$100,000 ","$4,230,800 "
Rutgers,Noah Joseph,"$290,000 ","$24,167 ","$3,221,042 "
Maryland,Cory Robinson,"$290,000 ","$112,500 ","$3,690,000 "
Arizona State,Jamar Cain,"$290,000 ","$105,800 ","$4,035,000 "
Washington State,Matt Brock,"$286,500 ","$45,813 ","$3,463,790 "
Washington State,Eric Mele,"$286,500 ","$45,813 ","$3,463,790 "
Virginia Tech,Charley Wiles,"$280,000 ","$53,333 ","$3,670,000 "
Charlotte,Alex Atkins,"$280,000 ","$14,000 ","$1,220,500 "
Virginia Tech,Vance Vice,"$280,000 ","$53,333 ","$3,670,000 "
Texas State,Zac Spavital,"$280,000 ","$35,000 ","$1,306,725 "
Virginia Tech,Brian Mitchell,"$280,000 ","$53,333 ","$3,670,000 "
California,Charlie Ragle,"$276,500 ","$50,000 ","$4,084,100 "
Arizona,Kyle DeVan,"$275,000 ","$55,000 ","$2,990,000 "
North Texas,Bodie Reeder,"$275,000 ","$22,917 ","$1,775,000 "
Illinois,Austin Clark,"$275,000 ","$115,500 ","$3,446,000 "
California,Gerald Alexander,"$275,000 ","$50,000 ","$4,084,100 "
Illinois,Cory Patterson,"$275,000 ","$115,500 ","$3,446,000 "
Georgia Southern,Bob DeBesse,"$273,000 ","$34,500 ","$1,350,000 "
Georgia Southern,Scot Sloan,"$273,000 ","$34,500 ","$1,350,000 "
Kansas State,Mike Tuiasosopo,"$272,000 ","$107,040 ","$3,475,700 "
Charlotte,Marcus West,"$270,000 ","$13,500 ","$1,220,500 "
Central Florida,Corey Bell,"$270,000 ",--,"$2,837,000 "
Central Florida,Shane Burnham,"$268,000 ",--,"$2,837,000 "
Minnesota,Matt Simon,"$267,500 ","$75,000 ","$3,055,000 "
Iowa State,Nathan Scheelhaase,"$265,500 ","$53,100 ","$4,236,600 "
Iowa State,Jeff Myers,"$265,500 ","$53,100 ","$4,236,600 "
Iowa State,Matt Caponi,"$265,500 ","$53,100 ","$4,236,600 "
North Texas,Tommy Mainord,"$265,000 ","$22,083 ","$1,775,000 "
Memphis,T.J. Rushing,"$265,000 ","$22,083 ","$2,540,000 "
Minnesota,Rob Wenger,"$260,000 ","$75,000 ","$3,055,000 "
Cincinnati,Gino Guidugli,"$260,000 ","$32,500 ","$2,710,000 "
Arizona,Demetrice Martin,"$260,000 ","$55,000 ","$2,990,000 "
South Florida,Charlie Williams,"$260,000 ","$52,000 ","$2,325,000 "
Minnesota,Brian Callahan,"$260,000 ","$75,000 ","$3,055,000 "
Boise State,Eric Kiseau,"$260,000 ","$35,751 ",--
Texas Tech,Steve Farmer,"$260,000 ","$86,667 ","$3,331,333 "
Minnesota,Kenni Burns,"$257,500 ","$75,000 ","$3,055,000 "
Rutgers,Lester Erb,"$255,000 ","$21,250 ","$3,221,042 "
Indiana,Brandon Shelby,"$255,000 ","$110,000 ","$3,693,922 "
Cincinnati,Chad Wilt,"$255,000 ","$33,333 ","$2,710,000 "
Wyoming,Jake Dickert,"$252,878 ","$20,834 ","$1,853,286 "
Boise State,Brad Bedell,"$251,900 ","$38,750 ","$2,127,135 "
Boise State,Kent Riddle,"$251,516 ","$41,750 ","$2,127,135 "
Boise State,Eric Kiesau,"$251,500 ","$35,751 ","$2,127,135 "
Western Kentucky,Clayton White,"$251,258 ",--,"$1,068,348 "
West Virginia,Travis Trickett,"$251,000 ","$95,000 ","$3,290,000 "
Colorado,Ross Els,"$250,625 ","$48,076 ","$3,155,000 "
Oregon State,Blue Adams,"$250,008 ","$20,834 ","$3,100,056 "
UCLA,Jason Kaufusi,"$250,000 ","$100,000 ","$4,230,800 "
Virginia,Marques Hagans,"$250,000 ","$43,750 ","$3,400,000 "
Houston,Brian Early,"$250,000 ","$93,750 ","$2,925,000 "
UNLV,Tim Skipper,"$250,000 ","$20,833 ","$1,642,963 "
Cincinnati,Jon Tenuta,"$250,000 ","$39,000 ","$2,710,000 "
Southern Mississippi,Buster Faulkner,"$250,000 ","$20,833 ","$1,225,000 "
Purdue,Reggie Johnson,"$250,000 ","$87,500 ","$3,535,000 "
Illinois,Keynodo Hudson,"$250,000 ","$105,000 ","$3,446,000 "
Virginia,Vic So'oto,"$250,000 ","$43,750 ","$3,400,000 "
Virginia,Ricky Brumfield,"$250,000 ","$62,500 ","$3,400,000 "
Louisville,Norval McKenzie,"$250,000 ","$37,500 ","$3,820,000 "
Illinois,Mike Bellamy,"$250,000 ","$105,000 ","$3,446,000 "
Purdue,Dale Williams,"$250,000 ","$87,500 ","$3,535,000 "
Purdue,Chris Barclay,"$250,000 ","$87,500 ","$3,535,000 "
Texas State,Bob Stitt,"$250,000 ","$31,250 ","$1,306,725 "
UCLA,Vince Oghobaase,"$250,000 ","$100,000 ","$4,230,800 "
Iowa,Derrick Foster,"$250,000 ",--,"$4,710,600 "
Rutgers,Corey Brown,"$250,000 ","$20,833 ","$3,221,042 "
North Carolina,Dre Bly,"$250,000 ","$41,667 ","$4,075,000 "
Kansas,Brent Dearmon,"$250,000 ","$75,000 ","$3,515,000 "
Texas Tech,Kerry Cooks,"$250,000 ","$83,333 ","$3,331,333 "
Maryland,Delbert Cowsette,"$250,000 ","$125,000 ","$3,690,000 "
Florida Atlantic,Glenn Spencer,"$250,000 ","$5,000 ","$1,255,000 "
Maryland,Brian Williams,"$250,000 ","$125,000 ","$3,690,000 "
Virginia,Mark Atuaia,"$250,000 ","$62,500 ","$3,400,000 "
Texas El Paso,Mike Cox,"$246,750 ","$87,251 ","$1,387,560 "
Nevada,Jeff Casteel,"$245,864 ","$117,809 ","$1,472,524 "
Rutgers,Vince Okruch,"$241,750 ","$20,146 ","$3,221,042 "
Texas Tech,Luke Wells,"$240,000 ","$80,000 ","$3,331,333 "
Texas Tech,Julius Brown,"$240,000 ","$80,000 ","$3,331,333 "
South Florida,Paul Spicer,"$240,000 ","$48,000 ","$2,325,000 "
NC State,Aaron Henry,"$240,000 ","$100,000 ","$3,795,000 "
Minnesota,Jim Panagos,"$240,000 ","$75,000 ","$3,055,000 "
Kansas,Emmett Jones,"$240,000 ","$72,000 ","$3,515,000 "
Texas Tech,DeAndre Smith,"$240,000 ","$80,000 ","$3,331,333 "
Texas-San Antonio,Jason Rollins,"$238,525 ","$28,000 ","$1,310,200 "
Texas El Paso,Mike Canales,"$235,600 ","$83,332 ","$1,387,560 "
Arizona,DeMarco Murray,"$235,000 ","$55,000 ","$2,990,000 "
Arizona,Theron Aych,"$235,000 ","$55,000 ","$2,990,000 "
Utah State,Frank Maile,"$235,000 ","$19,583 ","$1,780,000 "
Memphis,Tim Edwards,"$235,000 ","$19,583 ","$2,540,000 "
Purdue,Kevin Wolthausen,"$235,000 ","$82,250 ","$3,535,000 "
Georgia Tech,Kerry Dixon,"$235,000 ",--,"$3,205,000 "
South Alabama,Greg Stewart,"$233,500 ","$28,125 ","$1,242,200 "
Florida International,Allen Mogridge,"$233,075 ","$37,500 ","$1,661,122 "
South Alabama,Kenny Edenfield,"$232,500 ","$28,125 ","$1,242,200 "
Buffalo,Rob Ianello,"$232,398 ",--,"$1,148,761 "
UNLV,Barney Cotton,"$230,117 ","$19,126 ","$1,642,963 "
Washington,Will Harris,"$230,004 ","$91,000 ","$5,940,048 "
Georgia Tech,Jeff Popovich,"$230,000 ",--,"$3,205,000 "
Rutgers,Nunzio Campanile,"$230,000 ","$19,167 ","$3,221,042 "
Utah State,T.J. Woods,"$230,000 ","$19,167 ","$1,780,000 "
Missouri,A.J. Ofodile,"$230,000 ","$165,000 ","$4,729,500 "
Georgia Tech,Marco Coleman,"$230,000 ",--,"$3,205,000 "
Rutgers,Jay Valai,"$228,500 ","$19,042 ","$3,221,042 "
Texas Tech,Joel Filani,"$228,000 ","$76,000 ","$3,331,333 "
California,Nicholas Edwards,"$227,400 ","$50,000 ","$4,084,100 "
West Virginia,Sean Reagan,"$226,000 ","$95,000 ","$3,290,000 "
Central Florida,Darrell Wyatt,"$226,000 ",--,"$2,837,000 "
Central Florida,Nick Toth,"$226,000 ",--,"$2,837,000 "
Central Florida,Anthony Tucker,"$226,000 ",--,"$2,837,000 "
West Virginia,Al Pogue,"$226,000 ","$95,000 ","$3,290,000 "
Colorado,Travares Tillman,"$225,625 ","$43,268 ","$3,155,000 "
Colorado State,Dave Johnson,"$225,500 ","$42,583 ","$1,949,875 "
Western Kentucky,Bryan Ellis,"$225,000 ",--,"$1,068,348 "
Virginia,Shane Hunter,"$225,000 ","$37,500 ","$3,400,000 "
Arizona,John Rushing,"$225,000 ","$55,000 ","$2,990,000 "
Nebraska,Barrett Ruud,"$225,000 ","$90,000 ","$4,475,000 "
Arkansas,Mark Smith,"$225,000 ","$75,000 ","$4,925,000 "
New Mexico,Joe Dailey,"$225,000 ",--,"$1,506,115 "
Georgia Tech,Tashard Choice,"$225,000 ",--,"$3,205,000 "
Arkansas State,David Duggan,"$220,000 ","$18,333 ","$1,183,300 "
Memphis,Kevin Clune,"$220,000 ","$18,333 ","$2,540,000 "
Rutgers,Kolby Smith,"$220,000 ","$18,333 ","$3,221,042 "
Florida State,Ron Dugans,"$220,000 ","$33,333 ","$5,106,583 "
Minnesota,Clay Patterson,"$220,000 ","$75,000 ","$3,055,000 "
Illinois,Miles Smith,"$220,000 ","$92,400 ","$3,446,000 "
Boise State,Spencer Danielson,"$216,900 ","$36,125 ","$2,127,135 "
UNLV,Garin Justice,"$216,899 ","$18,025 ","$1,642,963 "
Colorado State,Ronnie Letson,"$215,250 ","$40,875 ","$1,949,875 "
South Florida,Steve Ellis,"$215,000 ","$43,000 ","$2,325,000 "
Arizona,Iona Uiagalelei,"$215,000 ","$55,000 ","$2,990,000 "
Fresno State,Danny Langsdorf,"$215,000 ","$34,400 ","$2,000,000 "
Minnesota,Rod Chance,"$215,000 ","$75,000 ","$3,055,000 "
UL Lafayette,Jabbar Juluke,"$215,000 ","$17,917 ","$1,751,500 "
Minnesota,Joe Harasymiak,"$215,000 ","$75,000 ","$3,055,000 "
Old Dominion,Brian Scott,"$214,200 ",--,"$1,138,911 "
Boise State,Gabe Franklin,"$211,900 ","$35,750 ","$2,127,135 "
Georgia Tech,Larry Knight,"$210,000 ",--,"$3,205,000 "
Marshall,Tim Cramsey,"$210,000 ","$35,000 ","$1,147,000 "
South Florida,Sean Cronin,"$210,000 ","$33,000 ","$2,325,000 "
Arkansas State,Keith Heckendorf,"$210,000 ","$17,500 ","$1,183,300 "
Louisiana State,Dennis Johnson,"$210,000 ","$75,000 ","$6,645,000 "
Cincinnati,Doug Phillips,"$210,000 ","$31,667 ","$2,710,000 "
Nevada,Matt Mumme,"$209,422 ","$100,348 ","$1,472,524 "
Old Dominion,David Blackwell,"$206,000 ",--,"$1,138,911 "
Colorado State,Keith Gilmore,"$205,000 ","$39,167 ","$1,949,875 "
Fresno State,Jamie Christian,"$205,000 ","$32,800 ","$2,000,000 "
Texas-San Antonio,Jeff Kastl,"$205,000 ","$28,000 ","$1,310,200 "
Wisconsin,Mickey Turner,"$203,280 ",--,"$4,370,811 "
Wyoming,AJ Cooper,"$202,874 ","$16,667 ","$1,853,286 "
Nevada,Angus McClure,"$201,571 ","$96,586 ","$1,472,524 "
West Virginia,Xavier Dye,"$201,000 ","$95,000 ","$3,290,000 "
Colorado,Darian Hagan,"$200,625 ","$38,461 ","$3,155,000 "
Oregon State,Jake Cookus,"$200,004 ","$16,667 ","$3,100,056 "
Oregon State,Kefense Hynson,"$200,004 ","$16,667 ","$3,100,056 "
Oregon State,Michael Pitre,"$200,004 ","$16,667 ","$3,100,056 "
Houston,Shannon Dawson,"$200,000 ","$75,000 ","$2,925,000 "
Arizona,Taylor Mazzone,"$200,000 ","$55,000 ","$2,990,000 "
Southern Mississippi,Tim Billings,"$200,000 ","$16,667 ","$1,225,000 "
NC State,Tony Gibson,"$200,000 ","$100,000 ","$3,795,000 "
Utah,Colton Swan,"$200,000 ","$43,333 ","$4,140,000 "
Arizona State,Shaun Aguano,"$200,000 ","$104,000 ","$4,035,000 "
Cincinnati,Mike Mickens,"$200,000 ","$21,667 ","$2,710,000 "
Virginia Tech,Jafar Williams,"$200,000 ","$43,333 ","$3,670,000 "
Utah,Kiel McDonald,"$200,000 ","$16,667 ","$4,140,000 "
Kansas,Luke Meadows,"$200,000 ","$60,000 ","$3,515,000 "
Utah,Sione Po'uha,"$200,000 ","$43,333 ","$4,140,000 "
Mississippi State,Joey Jones,"$200,000 ","$16,667 ","$3,680,000 "
Northern Illinois,Derrick Jackson,"$200,000 ",--,"$1,030,000 "
Virginia Tech,Justin Hamilton,"$200,000 ","$43,333 ","$3,670,000 "
Oklahoma State,Greg Richmond,"$200,000 ","$65,000 ","$4,210,000 "
Memphis,Kevin Johns,"$200,000 ","$16,667 ","$2,540,000 "
San Diego State,Mike Schmidt,"$199,416 ","$52,848 ","$1,801,636 "
San Diego State,Hunkie Cooper,"$199,416 ","$52,848 ","$1,801,636 "
San Diego State,Blane Morgan,"$199,416 ","$52,848 ","$1,801,636 "
San Diego State,Zach Arnett,"$199,416 ","$52,848 ","$1,801,636 "
UAB,Bryant Vincent,"$196,250 ","$16,354 ","$1,270,250 "
California,Burl Toler,"$191,500 ","$50,000 ","$4,084,100 "
UAB,David Reeves,"$191,500 ","$15,958 ","$1,270,250 "
Massachusetts,Luke Paschall,"$190,500 ","$14,500 ","$1,051,300 "
Georgia State,Nate Fuqua,"$190,000 ","$10,000 ","$1,260,000 "
Indiana,Nick Sheridan,"$189,644 ","$110,000 ","$3,693,922 "
Indiana,Kasey Teegardin,"$188,700 ","$110,000 ","$3,693,922 "
Boise State,Lee Marks,"$186,900 ","$33,125 ","$2,127,135 "
Colorado,Brian Michalowski,"$185,625 ","$35,576 ","$3,155,000 "
Arizona,Jeremy Springer,"$185,000 ","$55,000 ","$2,990,000 "
Western Michigan,Lou Esposito,"$185,000 ","$7,500 ","$1,138,000 "
Louisiana Tech,Bob Diaco,"$185,000 ",--,"$1,213,000 "
Colorado State,Nick Jones,"$183,500 ","$35,583 ","$1,949,875 "
Connecticut,Darrell Perkins,"$182,875 ","$70,337 ","$1,810,875 "
Miami (Ohio),George Barnett,"$180,700 ","$32,050 ","$1,099,612 "
Wyoming,Bart Miller,"$180,600 ","$15,000 ","$1,853,286 "
South Florida,Justin Burke,"$180,000 ","$33,000 ","$2,325,000 "
South Florida,Jeremy Darveau,"$180,000 ","$36,000 ","$2,325,000 "
Florida Atlantic,Charlie Weis Jr.,"$180,000 ","$5,000 ","$1,255,000 "
Fresno State,J.D. Williams,"$180,000 ","$28,800 ","$2,000,000 "
South Florida,Shaun King,"$180,000 ","$33,000 ","$2,325,000 "
Fresno State,Kenwick Thompson,"$180,000 ","$28,800 ","$2,000,000 "
Georgia State,Brad Glenn,"$180,000 ","$10,000 ","$1,260,000 "
Fresno State,Kirby Moore,"$180,000 ","$28,800 ","$2,000,000 "
Colorado State,Joe Cox,"$179,375 ","$34,895 ","$1,949,875 "
Colorado State,Bryan Applewhite,"$179,375 ","$34,895 ","$1,949,875 "
San Diego State,Richard Sanchez,"$178,608 ","$47,438 ","$1,801,636 "
Connecticut,Dennis Dottin-Carter,"$177,650 ","$68,327 ","$1,810,875 "
Marshall,Greg Adkins,"$176,000 ","$29,167 ","$1,147,000 "
Massachusetts,Tommy Restivo,"$175,400 ","$14,500 ","$1,051,300 "
Virginia Tech,Adam Lechtenberg,"$175,000 ","$39,167 ","$3,670,000 "
Colorado State,Anthony Perkins,"$175,000 ","$34,167 ","$1,949,875 "
Boise State,Jeff Schmedding,"$175,000 ","$33,125 ","$2,127,135 "
Kansas State,Buddy Wyatt,"$175,000 ","$76,000 ","$3,475,700 "
Colorado,Jimmy Brumbaugh,"$175,000 ","$33,653 ","$3,155,000 "
Houston,Zac Etheridge,"$175,000 ","$65,625 ","$2,925,000 "
Maryland,Mike Miller,"$175,000 ","$87,500 ","$3,690,000 "
Maryland,Elijah Brooks,"$175,000 ","$87,500 ","$3,690,000 "
Texas State,Clay McGuire,"$175,000 ","$21,874 ","$1,306,725 "
Troy,Ryan Pugh,"$175,000 ","$21,875 ","$1,415,000 "
Arizona State,Donnie Yantis,"$175,000 ","$103,500 ","$4,035,000 "
Connecticut,Eddie Allen,"$172,425 ","$66,317 ","$1,810,875 "
California,Andrew Browning,"$171,500 ","$50,000 ","$4,084,100 "
New Mexico,Saga Tuitele,"$171,250 ",--,"$1,506,115 "
New Mexico,Jordan Peterson,"$171,050 ",--,"$1,506,115 "
Fresno State,Will Plemons,"$170,000 ","$27,200 ","$2,000,000 "
East Carolina,Steve Shankweiler,"$170,000 ","$19,167 ","$1,788,950 "
Louisiana Tech,Todd Fitch,"$167,000 ",--,"$1,213,000 "
New Mexico,Apollo Wright,"$166,050 ",--,"$1,506,115 "
Central Florida,Jon Cooper,"$165,000 ",--,"$2,837,000 "
East Carolina,Roy Tesh,"$165,000 ","$18,750 ","$1,788,950 "
Troy,Brian Blackmon,"$165,000 ","$20,625 ","$1,415,000 "
Toledo,Brian George,"$164,832 ",--,"$1,054,812 "
Coastal Carolina,Chad Staggs,"$164,500 ",--,"$1,162,371 "
San Diego State,Brady Hoke,"$164,500 ","$41,170 ","$1,801,636 "
Wisconsin,Jon Budmayr,"$164,265 ",--,"$4,370,811 "
Eastern Michigan,Neal Neathery,"$162,924 ",--,"$1,011,515 "
Wyoming,John Richardson,"$162,878 ","$13,334 ","$1,853,286 "
Wyoming,Pete Kaligis,"$162,878 ","$13,334 ","$1,853,286 "
Ohio,Tim Albin,"$161,630 ",--,"$1,069,963 "
Bowling Green,Brian VanGorder,"$160,000 ","$7,000 ","$925,860 "
Cincinnati,Brian Mason,"$160,000 ","$16,667 ","$2,710,000 "
Florida International,Jerod Kruse,"$160,000 ","$37,500 ","$1,661,122 "
Northern Illinois,Eric Eidsness,"$160,000 ",--,"$1,030,000 "
Utah State,Jason Phillips,"$160,000 ","$13,333 ","$1,780,000 "
Western Michigan,Jake Moreland,"$160,000 ","$7,500 ","$1,138,000 "
Bowling Green,Terry Malone,"$160,000 ","$7,000 ","$925,860 "
Kansas,Jeff Hecklinski,"$160,000 ","$48,000 ","$3,515,000 "
Appalachian State,Shawn Clark,"$160,000 ","$41,833 ","$1,144,990 "
Cincinnati,Mike Brown,"$160,000 ","$25,000 ","$2,710,000 "
Florida International,Aubrey Hill,"$158,001 ","$37,500 ","$1,661,122 "
Florida International,Tim Harris Jr.,"$158,001 ","$37,500 ","$1,661,122 "
Old Dominion,Jeff Comissiong,"$157,590 ",--,"$1,138,911 "
East Carolina,Byron Thweatt,"$157,500 ","$18,125 ","$1,788,950 "
New Mexico State,Frank Spaziani,"$157,500 ","$2,000 ","$862,501 "
Connecticut,Mike Moyseenko,"$156,750 ","$60,288 ","$1,810,875 "
UNLV,Al Simmons,"$155,099 ","$12,875 ","$1,642,963 "
UNLV,Travis Burkett,"$155,099 ","$12,875 ","$1,642,963 "
Memphis,Anthony Jones,"$155,000 ","$12,917 ","$2,540,000 "
North Texas,Marty Biagi,"$155,000 ","$12,917 ","$1,775,000 "
North Texas,Marc Yellock,"$155,000 ","$12,917 ","$1,775,000 "
North Texas,Chuck Langston,"$155,000 ","$12,917 ","$1,775,000 "
Wyoming,Mike Grant,"$154,724 ","$12,657 ","$1,853,286 "
Colorado State,Chase Gibson,"$153,750 ","$30,625 ","$1,949,875 "
Ball State,Joey Lynch,"$153,000 ","$11,000 ","$984,832 "
Coastal Carolina,Skylor Magee,"$152,000 ",--,"$1,162,371 "
Toledo,Brian Wright,"$151,913 ",--,"$1,054,812 "
Connecticut,Aaron Smith,"$151,525 ","$58,279 ","$1,810,875 "
New Mexico,Stan Eggen,"$151,450 ",--,"$1,506,115 "
Wyoming,Shannon Moore,"$150,800 ","$12,500 ","$1,853,286 "
Florida Atlantic,Lance Thompson,"$150,000 ","$2,500 ","$1,255,000 "
Houston,Blake Gideon,"$150,000 ","$56,250 ","$2,925,000 "
Troy,Bam Hardmon,"$150,000 ","$18,750 ","$1,415,000 "
Florida Atlantic,Kevin Smith,"$150,000 ","$2,500 ","$1,255,000 "
Northern Illinois,Robert Wimberly,"$150,000 ",--,"$1,030,000 "
Charlotte,Brandon Cooper,"$150,000 ","$7,500 ","$1,220,500 "
UL Monroe,Mike Collins,"$150,000 ",--,"$940,000 "
Eastern Michigan,Aaron Keen,"$150,000 ",--,"$1,011,515 "
Wyoming,Willie Mack Garza,"$150,000 ","$12,500 ","$1,853,286 "
Oregon State,Brian Wozniak,"$150,000 ","$12,500 ","$3,100,056 "
Kansas,Chevis Jackson,"$150,000 ","$45,000 ","$3,515,000 "
East Carolina,Fontel Mines,"$150,000 ","$17,500 ","$1,788,950 "
Akron,Matt Feeney,"$150,000 ",--,"$963,000 "
East Carolina,Jeff Hanson,"$150,000 ","$17,500 ","$1,788,950 "
Purdue,Ryan Wallace,"$150,000 ","$48,000 ","$3,535,000 "
Southern Mississippi,Derek Nicholson,"$150,000 ","$12,500 ","$1,225,000 "
New Mexico,Scott Baumgartner,"$149,215 ",--,"$1,506,115 "
Texas El Paso,Joe Robinson,"$147,600 ",--,"$1,387,560 "
Nevada,David Lockwood,"$147,465 ","$70,660 ","$1,472,524 "
Florida International,Jeff Copp,"$147,025 ","$37,500 ","$1,661,122 "
Texas El Paso,Keith Burns,"$145,110 ",--,"$1,387,560 "
Florida International,James Vollono,"$145,070 ","$37,500 ","$1,661,122 "
UL Lafayette,Tim Leger,"$145,000 ","$12,083 ","$1,751,500 "
UL Lafayette,Patrick Toney,"$145,000 ","$12,083 ","$1,751,500 "
UL Lafayette,Matt Powledge,"$145,000 ","$12,083 ","$1,751,500 "
East Carolina,De'Rail Sims,"$145,000 ","$17,083 ","$1,788,950 "
North Texas,Clay Jennings,"$145,000 ","$12,083 ","$1,775,000 "
UL Lafayette,Rory Segrest,"$145,000 ","$12,083 ","$1,751,500 "
Utah State,Stacy Collins,"$145,000 ","$12,083 ","$1,780,000 "
Coastal Carolina,Patrick Covington,"$144,500 ",--,"$1,162,371 "
Miami (Ohio),Eric Koehler,"$143,614 ","$25,667 ","$1,099,612 "
Texas-San Antonio,Tony Ball,"$142,100 ","$20,000 ","$1,310,200 "
Old Dominion,Ron Whitcomb,"$141,831 ",--,"$1,138,911 "
UNLV,Cedric Cormier,"$141,829 ","$11,769 ","$1,642,963 "
Louisiana Tech,Joe Sloan,"$141,500 ",--,"$1,213,000 "
Ohio,Ron Collins,"$141,400 ",--,"$1,069,963 "
Kent State,Tom Kaufman,"$141,400 ",--,"$879,567 "
UNLV,Ron O'Dell,"$141,240 ","$11,636 ","$1,642,963 "
New Mexico,Perry Eliano,"$141,050 ",--,"$1,506,115 "
San Jose State,Joe Bernardi,"$140,820 ","$3,000 ","$1,594,572 "
Colorado,Al Pupunu,"$140,625 ","$26,922 ","$3,155,000 "
North Texas,Galen Scott,"$140,000 ","$11,667 ","$1,775,000 "
Texas El Paso,Matt Wallerstedt,"$140,000 ",--,"$1,387,560 "
Boise State,Zac Alley,"$140,000 ","$30,500 ","$2,127,135 "
Boise State,Jalil Brown,"$140,000 ","$30,500 ","$2,127,135 "
New Mexico,Dan Carrel,"$140,000 ",--,"$1,506,115 "
UNLV,Tony Samuel,"$138,871 ","$11,572 ","$1,642,963 "
San Jose State,Ryan Gunderson,"$138,828 ","$3,000 ","$1,594,572 "
UNLV,Steve Irvin,"$136,559 ","$11,330 ","$1,642,963 "
UAB,Casey Woods,"$136,250 ","$11,354 ","$1,270,250 "
Miami (Ohio),Spence Nowinsky,"$135,614 ","$24,333 ","$1,099,612 "
Ball State,David Elson,"$133,926 ","$11,000 ","$984,832 "
Buffalo,Brian Borland,"$133,030 ",--,"$1,148,761 "
Buffalo,Andy Kotelnicki,"$133,030 ",--,"$1,148,761 "
San Jose State,Alonzo Carter,"$132,372 ","$3,000 ","$1,594,572 "
Texas El Paso,Reggie Mitchell,"$132,000 ",--,"$1,387,560 "
Louisiana Tech,Rick Petri,"$131,500 ",--,"$1,213,000 "
Louisiana Tech,Robert McFarland,"$131,500 ",--,"$1,213,000 "
UAB,Richard Owens,"$130,000 ","$10,833 ","$1,270,250 "
Arkansas State,Sean Coughlin,"$130,000 ","$16,250 ","$1,183,300 "
Utah State,Mike Caputo,"$130,000 ","$10,833 ","$1,780,000 "
Utah State,Bojay Filimoeatu,"$130,000 ","$10,833 ","$1,780,000 "
Connecticut,Jarren Horton,"$129,375 ","$49,760 ","$1,810,875 "
Ohio,Scott Isphording,"$129,029 ",--,"$1,069,963 "
San Diego State,Ron Caragher,"$128,124 ","$34,312 ","$1,801,636 "
Texas-San Antonio,Darrell Funk,"$126,875 ","$20,000 ","$1,310,200 "
Kent State,Andrew Sowder,"$126,250 ",--,"$879,567 "
East Carolina,Drew Dudzik,"$125,725 ","$15,477 ","$1,788,950 "
East Carolina,Brandon Lynch,"$125,725 ","$15,477 ","$1,788,950 "
Coastal Carolina,Bill Durkin,"$125,120 ",--,"$1,162,371 "
Fresno State,Scott Thompson,"$125,000 ","$20,000 ","$2,000,000 "
South Carolina,Kyle Krantz,"$125,000 ","$115,000 ","$5,635,000 "
Troy,Cornelius Williams,"$125,000 ","$15,625 ","$1,415,000 "
Central Michigan,Charlie Frye,"$125,000 ",--,"$965,000 "
Central Michigan,Robb Akey,"$125,000 ",--,"$965,000 "
Massachusetts,Aazaar Abdul-Rahim,"$125,000 ","$17,500 ","$1,051,300 "
Troy,John Carr,"$125,000 ","$15,625 ","$1,415,000 "
Florida Atlantic,Wes Neighbors,"$125,000 ","$2,500 ","$1,255,000 "
San Jose State,Joe Seumalo,"$122,832 ","$3,000 ","$1,594,572 "
Marshall,J.C. Price,"$121,000 ","$20,000 ","$1,147,000 "
Nevada,Jackie Shipp,"$120,510 ","$57,745 ","$1,472,524 "
Arkansas State,Ed Pinkham,"$120,000 ","$15,000 ","$1,183,300 "
Appalachian State,Erik Link,"$120,000 ","$38,500 ","$1,144,990 "
Appalachian State,Anwar Stewart,"$120,000 ","$38,500 ","$1,144,990 "
Georgia Southern,Travis Cunningham,"$120,000 ","$22,500 ","$1,350,000 "
Appalachian State,Garrett Riley,"$120,000 ","$38,500 ","$1,144,990 "
Georgia Southern,Chris Foster,"$120,000 ","$22,500 ","$1,350,000 "
Appalachian State,Justin Watts,"$120,000 ","$38,500 ","$1,144,990 "
Georgia State,Thomas Austin,"$120,000 ","$10,000 ","$1,260,000 "
Georgia State,Josh Stepp,"$120,000 ","$10,000 ","$1,260,000 "
Georgia State,Shiel Wood,"$120,000 ","$10,000 ","$1,260,000 "
Texas-San Antonio,Gary Hyman,"$120,000 ","$20,000 ","$1,310,200 "
Texas State,Archie McDaniel,"$120,000 ","$15,000 ","$1,306,725 "
Appalachian State,Pat Washington,"$120,000 ","$36,833 ","$1,144,990 "
UL Monroe,Matt Kubik,"$120,000 ",--,"$940,000 "
Georgia State,Travian Robertson,"$120,000 ","$10,000 ","$1,260,000 "
Nevada,Timmy Chang,"$119,573 ","$57,295 ","$1,472,524 "
Nevada,Eric Scott,"$119,573 ","$57,295 ","$1,472,524 "
South Alabama,Matt Kitchens,"$117,500 ","$13,750 ","$1,242,200 "
Texas State,Ron Antoine,"$116,725 ","$14,590 ","$1,306,725 "
UAB,Blake Shrader,"$116,250 ","$9,687 ","$1,270,250 "
Buffalo,Jim Zebrowski,"$115,260 ",--,"$1,148,761 "
Akron,Tommy Zagorski,"$115,000 ",--,"$963,000 "
Central Michigan,Kevin Barbay,"$115,000 ",--,"$965,000 "
Connecticut,Kyle Weiss,"$114,950 ","$44,212 ","$1,810,875 "
Coastal Carolina,Joey King,"$114,500 ",--,"$1,162,371 "
San Jose State,Kevin Cummings,"$114,384 ","$3,000 ","$1,594,572 "
San Jose State,Aric Williams,"$114,384 ",--,"$1,594,572 "
Georgia Southern,Ron Hudson,"$113,000 ","$22,500 ","$1,350,000 "
San Jose State,Scott White,"$111,516 ",--,"$1,594,572 "
Louisiana Tech,Brian Gamble,"$111,500 ",--,"$1,213,000 "
Toledo,Mike Ward,"$111,334 ",--,"$1,054,812 "
Arkansas State,Allen Johnson,"$111,100 ","$11,250 ","$1,183,300 "
Ohio,Brian Haines,"$110,224 ",--,"$1,069,963 "
South Florida,Bryan Hill,"$110,000 ","$22,000 ","$2,325,000 "
Massachusetts,Jim Jackson,"$110,000 ","$12,000 ","$1,051,300 "
Southern Mississippi,Ryan Stanchek,"$110,000 ","$9,167 ","$1,225,000 "
Southern Mississippi,Scott Walden,"$110,000 ","$9,167 ","$1,225,000 "
Georgia State,Chris Collins,"$110,000 ","$10,000 ","$1,260,000 "
Old Dominion,Charles Bankins,"$110,000 ",--,"$1,138,911 "
Georgia State,Trent McKnight,"$110,000 ","$10,000 ","$1,260,000 "
Ball State,Colin Johnson,"$110,000 ","$11,000 ","$984,832 "
Akron,Shelton Felton,"$110,000 ",--,"$963,000 "
Charlotte,Eddie Hicks,"$110,000 ","$5,500 ","$1,220,500 "
North Texas,Adrian Mayes,"$110,000 ","$9,167 ","$1,775,000 "
Nevada,Tommy Perry,"$109,273 ","$52,360 ","$1,472,524 "
Nevada,Mike Chamoures,"$109,273 ","$52,360 ","$1,472,524 "
Toledo,Mike Hallett,"$109,253 ",--,"$1,054,812 "
South Alabama,Chad Huff,"$108,700 ","$12,500 ","$1,242,200 "
Kent State,Bill O'Boyle,"$108,677 ",--,"$879,567 "
Ohio,Pete Germano,"$108,653 ",--,"$1,069,963 "
Middle Tennessee,Rick Mallory,"$108,650 ","$13,125 ","$1,299,850 "
San Jose State,Fred Guidici,"$108,180 ",--,"$1,594,572 "
Georgia Southern,Jeremy Rowell,"$108,000 ","$22,500 ","$1,350,000 "
Middle Tennessee,Mike Polly,"$107,900 ","$13,125 ","$1,299,850 "
New Mexico State,Andy Richman,"$107,500 ","$2,000 ","$862,501 "
South Alabama,Pete Bennett,"$107,500 ","$12,500 ","$1,242,200 "
Coastal Carolina,Curt Baldus,"$107,000 ",--,"$1,162,371 "
UL Lafayette,LaMar Morgan,"$106,500 ","$8,333 ","$1,751,500 "
San Diego State,Doug Deakin,"$106,104 ","$28,587 ","$1,801,636 "
Buffalo,Chris Simpson,"$105,429 ",--,"$1,148,761 "
Western Michigan,Bill Kenney,"$105,000 ","$5,000 ","$1,138,000 "
Memphis,Tony Tokarz,"$105,000 ","$8,750 ","$2,540,000 "
Florida International,Bryn Renner,"$105,000 ","$37,500 ","$1,661,122 "
Florida International,Drew Davis,"$105,000 ","$37,500 ","$1,661,122 "
Marshall,Kyle Segler,"$105,000 ","$17,500 ","$1,147,000 "
Texas-San Antonio,Rod Wright,"$105,000 ","$20,000 ","$1,310,200 "
Appalachian State,Greg Gasparato,"$104,990 ","$37,249 ","$1,144,990 "
Miami (Ohio),John Hauser,"$103,614 ","$19,000 ","$1,099,612 "
Western Michigan,Keith Gaither,"$102,000 ","$5,000 ","$1,138,000 "
Western Michigan,Mike Bath,"$102,000 ","$5,000 ","$1,138,000 "
Texas El Paso,Mike Simmonds,"$102,000 ",--,"$1,387,560 "
Western Michigan,Trevor Andrews,"$102,000 ","$5,000 ","$1,138,000 "
UAB,Larry Smith,"$101,250 ","$8,437 ","$1,270,250 "
UAB,Hindley Brigham,"$101,250 ","$8,437 ","$1,270,250 "
UAB,Nick Gentry,"$101,250 ","$8,437 ","$1,270,250 "
UAB,Kyle Tatum,"$101,250 ","$8,437 ","$1,270,250 "
Ohio,Allen Rudolph,"$101,052 ",--,"$1,069,963 "
Buffalo,Scott Fuchs,"$100,001 ",--,"$1,148,761 "
Texas State,Brett Dewhurst,"$100,000 ","$12,500 ","$1,306,725 "
Houston,Justin Johnson,"$100,000 ","$37,500 ","$2,925,000 "
Troy,Andrew Warwick,"$100,000 ","$12,500 ","$1,415,000 "
Florida International,Kenard Lang,"$100,000 ","$37,500 ","$1,661,122 "
Colorado State,George Helow,"$100,000 ","$21,667 ","$1,949,875 "
Louisiana Tech,Kenny Guiton,"$100,000 ",--,"$1,213,000 "
Bowling Green,Steve Morrison,"$100,000 ","$7,000 ","$925,860 "
Louisiana Tech,Jeff Burris,"$100,000 ",--,"$1,213,000 "
Charlotte,Sean Dawkins,"$100,000 ","$5,000 ","$1,220,500 "
Appalachian State,Ted Roof,"$100,000 ","$53,500 ","$1,144,990 "
Troy,Davern Williams,"$100,000 ","$12,500 ","$1,415,000 "
Southern Mississippi,Chris Boone,"$100,000 ","$8,333 ","$1,225,000 "
UL Lafayette,Michael Desormeaux,"$100,000 ","$8,333 ","$1,751,500 "
Old Dominion,Grady Brown,"$100,000 ",--,"$1,138,911 "
Texas-San Antonio,Deron Wilson,"$100,000 ","$20,000 ","$1,310,200 "
UL Monroe,Scott Stoker,"$100,000 ",--,"$940,000 "
Troy,Ray Brown,"$100,000 ","$12,500 ","$1,415,000 "
Florida Atlantic,Clint Trickett,"$100,000 ","$2,500 ","$1,255,000 "
UL Lafayette,D.J. Looney,"$100,000 ","$8,333 ","$1,751,500 "
New Mexico,Dillon Sanders,"$100,000 ",--,"$1,506,115 "
UL Monroe,Eman Naghavi,"$100,000 ",--,"$940,000 "
Florida Atlantic,DJ McCarthy,"$100,000 ","$2,500 ","$1,255,000 "
Fresno State,Roman Sapolu,"$100,000 ","$16,000 ","$2,000,000 "
Northern Illinois,Daryl Agpalsa,"$100,000 ",--,"$1,030,000 "
Miami (Ohio),Bill Brechin,"$99,614 ","$18,333 ","$1,099,612 "
Connecticut,Corey Edsall,"$98,325 ","$37,817 ","$1,810,875 "
Western Michigan,Joe Palcic,"$98,000 ","$5,000 ","$1,138,000 "
Marshall,Mike Treier,"$98,000 ","$16,167 ","$1,147,000 "
South Alabama,Josh Jones,"$97,500 ","$11,250 ","$1,242,200 "
South Alabama,Larry Hart,"$97,500 ","$11,250 ","$1,242,200 "
South Alabama,Harland Bower,"$97,500 ","$11,250 ","$1,242,200 "
Eastern Michigan,James Patton,"$97,000 ",--,"$1,011,515 "
Central Michigan,Mike Cummings,"$96,500 ",--,"$965,000 "
Western Michigan,Eric Evans,"$96,000 ","$5,000 ","$1,138,000 "
Kent State,Zac Barton,"$95,800 ",--,"$879,567 "
Toledo,Ross Watson,"$95,154 ",--,"$1,054,812 "
Ohio,Dwayne Dixon,"$95,126 ",--,"$1,069,963 "
Eastern Michigan,Todd Frakes,"$95,091 ",--,"$1,011,515 "
Buffalo,Brad McCaslin,"$95,013 ",--,"$1,148,761 "
Georgia State,Jimmy Smith,"$95,000 ","$10,000 ","$1,260,000 "
Georgia Southern,Lamar Owens,"$95,000 ","$22,500 ","$1,350,000 "
Northern Illinois,Atif Austin,"$95,000 ",--,"$1,030,000 "
Central Michigan,Mark DeBastiani,"$95,000 ",--,"$965,000 "
Marshall,Chip West,"$95,000 ","$15,833 ","$1,147,000 "
Western Michigan,James Adams,"$95,000 ","$5,000 ","$1,138,000 "
Akron,Chris Hurd,"$95,000 ",--,"$963,000 "
UAB,Jay Simpson,"$95,000 ","$7,917 ","$1,270,250 "
Georgia State,Aairon Savage,"$95,000 ","$10,000 ","$1,260,000 "
Toledo,Hank Poteat,"$95,000 ",--,"$1,054,812 "
Miami (Ohio),Lamar Conard,"$94,614 ","$17,500 ","$1,099,612 "
Toledo,Kevin Beard,"$94,491 ",--,"$1,054,812 "
Ball State,Patrick Dougherty,"$94,109 ","$11,000 ","$984,832 "
Western Kentucky,Jimmy Lindsey,"$93,050 ",--,"$1,068,348 "
Coastal Carolina,Newland Isaac,"$93,024 ",--,"$1,162,371 "
Georgia Southern,Victor Cabral,"$93,000 ","$22,500 ","$1,350,000 "
Western Michigan,Dontae Wright,"$93,000 ","$5,000 ","$1,138,000 "
Eastern Michigan,Rob Reeves,"$93,000 ",--,"$1,011,515 "
New Mexico State,Oliver Soukup,"$92,500 ","$2,000 ","$862,501 "
Eastern Michigan,Ben Needham,"$92,000 ",--,"$1,011,515 "
Middle Tennessee,Tommy West,"$91,900 ","$11,250 ","$1,299,850 "
Florida,Christian Robinson,"$91,500 ","$36,000 ","$5,752,000 "
Texas-San Antonio,Will Thomas,"$91,350 ","$20,000 ","$1,310,200 "
Texas-San Antonio,Rishaw Johnson,"$91,350 ","$20,000 ","$1,310,200 "
Arkansas State,Kyle Cefalo,"$91,100 ","$11,250 ","$1,183,300 "
Arkansas State,Nick Paremski,"$91,100 ","$11,250 ","$1,183,300 "
New Mexico,Clay Davie,"$91,050 ",--,"$1,506,115 "
Marshall,Pepe Pearson,"$91,000 ","$15,000 ","$1,147,000 "
Marshall,Cornell Brown,"$91,000 ","$15,000 ","$1,147,000 "
Texas State,Tremaine Jackson,"$90,000 ","$11,250 ","$1,306,725 "
Nevada,Vai Taua,"$90,000 ","$43,125 ","$1,472,524 "
Utah State,Mark Orphey,"$90,000 ","$7,500 ","$1,780,000 "
Northern Illinois,Jordan Gigli,"$90,000 ",--,"$1,030,000 "
Georgia Southern,Kevin Whitley,"$90,000 ","$22,500 ","$1,350,000 "
Bowling Green,Erik Campbell,"$90,000 ","$7,000 ","$925,860 "
Coastal Carolina,Bryant Foster,"$90,000 ",--,"$1,162,371 "
Texas-San Antonio,Giovanni Vizza,"$90,000 ","$20,000 ","$1,310,200 "
Ball State,Kevin Lynch,"$90,000 ","$11,000 ","$984,832 "
UL Monroe,Joey Fitzgerald,"$90,000 ",--,"$940,000 "
Eastern Michigan,Fred Reed,"$90,000 ",--,"$1,011,515 "
Appalachian State,Charlie Harbison,"$90,000 ","$36,000 ","$1,144,990 "
Western Kentucky,Andy LaRussa,"$90,000 ",--,"$1,068,348 "
Southern Mississippi,Paul Gonnella,"$90,000 ","$7,500 ","$1,225,000 "
Appalachian State,D.J. Smith,"$90,000 ","$36,000 ","$1,144,990 "
Massachusetts,Angelo Mirando,"$90,000 ","$12,000 ","$1,051,300 "
Charlotte,Max Thurmond,"$89,000 ","$4,450 ","$1,220,500 "
Ball State,Alex Bailey,"$88,881 ","$11,000 ","$984,832 "
Miami (Ohio),Pat Welsh,"$88,614 ","$16,500 ","$1,099,612 "
Miami (Ohio),Israel Woolfork,"$88,614 ","$16,500 ","$1,099,612 "
Akron,Oscar Rodriguez Jr.,"$88,000 ",--,"$963,000 "
Toledo,Robby Discher,"$87,835 ",--,"$1,054,812 "
Ball State,Mike Dietzel,"$87,500 ","$11,000 ","$984,832 "
South Alabama,Larry Warner,"$87,500 ","$10,000 ","$1,242,200 "
Coastal Carolina,Willy Korn,"$86,047 ",--,"$1,162,371 "
Coastal Carolina,T.J. Hollowell,"$85,680 ",--,"$1,162,371 "
Marshall,Dallas Baker,"$85,000 ","$14,167 ","$1,147,000 "
Ball State,Tyler Stockton,"$85,000 ","$11,000 ","$984,832 "
Southern Mississippi,Reed Stringer,"$85,000 ","$7,083 ","$1,225,000 "
UL Monroe,Perry Carter,"$85,000 ",--,"$940,000 "
Akron,Chris Cook,"$85,000 ",--,"$963,000 "
Louisiana Tech,Brock Hays,"$85,000 ",--,"$1,213,000 "
UL Monroe,Anthony Camp,"$85,000 ",--,"$940,000 "
Central Michigan,Tavita Thompson,"$85,000 ",--,"$965,000 "
Miami (Ohio),E.J. Whitlow,"$84,614 ","$15,833 ","$1,099,612 "
Wyoming,Gordie Haug,"$82,804 ","$6,667 ","$1,853,286 "
Central Michigan,Cornell Jackson,"$82,500 ",--,"$965,000 "
Central Michigan,David Rowe,"$82,500 ",--,"$965,000 "
New Mexico State,John Mumford,"$82,500 ","$2,000 ","$862,501 "
Central Michigan,Ryan Beard,"$82,500 ",--,"$965,000 "
Ball State,Keith McKenzie,"$82,416 ","$11,000 ","$984,832 "
Texas El Paso,Remington Rebstock,"$82,000 ",--,"$1,387,560 "
Eastern Michigan,Darren Paige,"$82,000 ",--,"$1,011,515 "
Middle Tennessee,Jeff Beckles,"$81,900 ","$10,000 ","$1,299,850 "
Buffalo,Jeff Burrow,"$81,600 ",--,"$1,148,761 "
New Mexico State,Brian Bell,"$81,500 ","$2,000 ","$862,501 "
Ohio,De'Angelo Smith,"$81,398 ",--,"$1,069,963 "
New Mexico State,Cory Martin,"$80,935 ","$2,000 ","$862,501 "
New Mexico State,Chase Holbrook,"$80,935 ","$2,000 ","$862,501 "
Western Kentucky,Mike Goff,"$80,004 ",--,"$1,068,348 "
Bowling Green,Chris Hedden,"$80,000 ","$7,000 ","$925,860 "
Bowling Green,Max Warner,"$80,000 ","$7,000 ","$925,860 "
North Texas,Patrick Cobbs,"$80,000 ","$6,667 ","$1,775,000 "
Florida Atlantic,Jason Jones,"$80,000 ","$2,500 ","$1,255,000 "
Toledo,Larry Black,"$80,000 ",--,"$1,054,812 "
Massachusetts,Jon Bills,"$80,000 ","$12,000 ","$1,051,300 "
Akron,Jonathan Cooley,"$80,000 ",--,"$963,000 "
Akron,Jayden Everett,"$80,000 ",--,"$963,000 "
Akron,Bryan Gasser,"$80,000 ",--,"$963,000 "
Miami (Ohio),Doug Shearer,"$80,000 ","$15,333 ","$1,099,612 "
Massachusetts,Fredi Knighten,"$80,000 ","$12,000 ","$1,051,300 "
Charlotte,Mark Carney,"$80,000 ","$4,000 ","$1,220,500 "
Akron,Brian Cochran,"$80,000 ",--,"$963,000 "
Texas El Paso,Scotty Ohara,"$80,000 ","$31,665 ",--
San Diego State,Demetrius Sumler,"$79,572 ","$21,689 ","$1,801,636 "
New Mexico State,Matt Christian,"$79,131 ","$2,000 ","$862,501 "
Eastern Michigan,Jay Nunez,"$78,500 ",--,"$1,011,515 "
Western Kentucky,Maurice Crum,"$77,774 ",--,"$1,068,348 "
UNLV,Eric Brown,"$77,250 ","$6,437 ","$1,642,963 "
Buffalo,Alan Hensell,"$76,500 ",--,"$1,148,761 "
Buffalo,Taiwo Onatolu,"$76,500 ",--,"$1,148,761 "
Central Michigan,Justin Hinds,"$76,000 ",--,"$965,000 "
Ohio,Tremayne Scott,"$75,801 ",--,"$1,069,963 "
Old Dominion,John Allen,"$75,390 ",--,"$1,138,911 "
UL Monroe,Bakari Guice,"$75,000 ",--,"$940,000 "
Troy,Cole Weeks,"$75,000 ","$9,375 ","$1,415,000 "
Western Kentucky,Garret Chachere,"$75,000 ",--,"$1,068,348 "
Marshall,Brad Lambert,"$75,000 ","$12,500 ","$1,147,000 "
UL Monroe,Joseph Graves,"$75,000 ",--,"$940,000 "
Texas State,Nick Whitworth,"$75,000 ","$9,375 ","$1,306,725 "
Kent State,Matthew Middleton,"$73,000 ",--,"$879,567 "
Bowling Green,Jacob Schoonover,"$72,930 ","$7,000 ","$925,860 "
Bowling Green,LaMarcus Hicks,"$72,930 ","$7,000 ","$925,860 "
Texas El Paso,Jake Waters,"$72,500 ",--,"$1,387,560 "
Kent State,Colin Ferrell,"$72,000 ",--,"$879,567 "
Eastern Michigan,Sam Sewell,"$71,000 ",--,"$1,011,515 "
Massachusetts,Jason Tudryn,"$70,400 ","$12,000 ","$1,051,300 "
Northern Illinois,Travis Moore,"$70,000 ",--,"$1,030,000 "
Arkansas State,Brandon Joiner,"$70,000 ","$8,750 ","$1,183,300 "
Southern Mississippi,Akeem Davis,"$70,000 ","$5,833 ","$1,225,000 "
Northern Illinois,Tony Sorrentino,"$70,000 ",--,"$1,030,000 "
Kent State,Joe Coniglio,"$70,000 ",--,"$879,567 "
Arkansas State,Rashad Jackson,"$70,000 ","$8,750 ","$1,183,300 "
Arkansas State,Desmond Lindsey,"$70,000 ","$8,750 ","$1,183,300 "
Charlotte,Montario Hardesty,"$70,000 ","$3,500 ","$1,220,500 "
Massachusetts,Cedric Douglas,"$70,000 ","$12,000 ","$1,051,300 "
Kent State,Justin Hood,"$68,000 ",--,"$879,567 "
Middle Tennessee,Dustin Royston,"$66,900 ","$8,125 ","$1,299,850 "
Middle Tennessee,Austin Silvoy,"$66,900 ","$8,125 ","$1,299,850 "
Middle Tennessee,Siriki Diabate,"$66,900 ","$8,125 ","$1,299,850 "
Kent State,Will Windham,"$66,300 ",--,"$879,567 "
Ohio,Nate Faanes,"$65,650 ",--,"$1,069,963 "
Toledo,Nate Cole,"$65,000 ",--,"$1,054,812 "
Middle Tennessee,Kenneth Gilstrap,"$65,000 ","$8,125 ","$1,299,850 "
Georgia Southern,Andrew Dodge,"$65,000 ","$23,500 ","$1,350,000 "
South Alabama,Mike Bangston,"$62,500 ","$6,875 ","$1,242,200 "
Old Dominion,Daric Riley,"$61,800 ",--,"$1,138,911 "
Western Kentucky,Zach Lankford,"$60,004 ",--,"$1,068,348 "
Massachusetts,Micah James,"$60,000 ","$12,000 ","$1,051,300 "
UL Monroe,Tyler Bolfing,"$60,000 ",--,"$940,000 "
Southern Mississippi,Chris Buckner,"$60,000 ","$5,000 ","$1,225,000 "
Florida Atlantic,Jaron Fairman,"$60,000 ","$2,500 ","$1,255,000 "
Florida Atlantic,Jeff Norrid,"$60,000 ","$2,500 ","$1,255,000 "
Bowling Green,Louie Addazio,"$60,000 ","$7,000 ","$925,860 "
Western Kentucky,Chris Chestnut,"$60,000 ",--,"$1,068,348 "
Ball State,Cory Connolly,"$60,000 ","$11,000 ","$984,832 "
Louisiana Tech,Dennis Smith,"$60,000 ",--,"$1,213,000 "
Washington State,Tim Burmeister,"$59,169 ",--,"$3,463,790 "
Kent State,Macky Macpherson,"$58,140 ",--,"$879,567 "
Western Kentucky,Kenny Martin,"$56,258 ",--,"$1,068,348 "
Texas State,Morris Berger,"$50,000 ","$6,250 ","$1,306,725 "
New Mexico State,Chili Davis,"$50,000 ","$2,000 ","$862,501 "
Bowling Green,Julian Campenni,"$50,000 ","$7,000 ","$925,860 "
New Mexico State,Ronnie Pentz,"$50,000 ","$2,000 ","$862,501 "
Texas State,Tevin Mims,"$50,000 ","$6,250 ","$1,306,725 "
Northern Illinois,Houston Jones,"$50,000 ",--,"$1,030,000 "
Northern Illinois,Aaron Wilkins,"$45,000 ",--,"$1,030,000 "
Charlotte,Cody Woodiel,"$40,000 ","$2,000 ","$1,220,500 "
Old Dominion,Bryan Stinespring,"$36,050 ",--,"$1,138,911 "
Old Dominion,Frank Wilson (ODU),"$36,050 ",--,"$1,138,911 "
Charlotte,Tommy Langford,"$31,500 ","$1,575 ","$1,220,500 "
North Texas,Tommy Mangino,"$30,000 ","$1,500 ",--
Florida State,Jim Leavitt,"$23,333 ",--,"$5,106,583 "
Rutgers,John Weiss,"$22,917 ","$8,333 ","$3,221,042 "
Rutgers,Drew Lascari,"$12,875 ",--,"$3,221,042 "
Florida State,Mario Edwards,"$11,250 ",--,"$5,106,583 "
Arkansas,Daniel Da Prato,"$10,000 ",--,"$4,925,000 "
Southern Methodist,Jonathan Brewer,$0 ,$0 ,--
Temple,Ed Foley,$0 ,$0 ,--
Southern Methodist,Brett Diersen,$0 ,$0 ,--
Arizona,Hank Hobson,--,--,"$2,990,000 "
Notre Dame,Terry Joseph,--,--,--
Navy,Kevin Downing,--,--,--
Pittsburgh,Archie Collins,--,--,--
Baylor,Frisman Jackson,--,--,--
Notre Dame,Jeff Quinn,--,--,--
Syracuse,Steve Stanard,--,--,--
Navy,Jason McDonald,--,--,--
Pittsburgh,Cory Sanders,--,--,--
Duke,Ben Albert,--,--,--
Tulsa,Calvin Lowry,--,--,--
Air Force,Ron Vanderlinden,--,--,--
Southern Methodist,David Gru,--,--,--
Brigham Young,A.J. Steward,--,--,--
Navy,P.J. Volker,--,--,--
Rice,Brian Smith,--,--,--
Penn State,Tim Banks,--,--,--
Duke,Zac Roper,--,--,--
Southern Methodist,Kevin Kane,--,--,--
Tulane,Jamaal Fobbs,--,--,--
Southern Methodist,Josh Martin,--,--,--
Vanderbilt,Marc Mattioli,--,--,--
Texas Christian,Paul Gonzales,--,--,--
Rice,Cedric Calhoun,--,--,--
Notre Dame,Mike Elston,--,--,--
Brigham Young,Preston Hadley,--,--,--
Air Force,Terrance Jamison,--,--,--
Southern California,Tim Drevno,--,--,--
Liberty,Kyle Pope,--,--,--
Southern Methodist,Kevin Curtis,--,--,--
Temple,Jeff Knowles,--,--,--
Rice,Joe Ashfield,--,--,--
Wake Forest,Warren Ruggiero,--,--,--
Duke,Lanier Goethie,--,--,--
Hawaii,Corey Batoon,--,--,--
Brigham Young,Jeff Grimes,--,--,--
Stanford,Diron Reynolds,--,--,--
Baylor,Evan Cooper,--,--,--
Temple,Gabe Infante,--,--,--
Tulsa,Beau Trahan,--,--,--
Penn State,Matt Limegrover,--,--,--
Texas Christian,Chad Glasgow,--,--,--
Northwestern,Dennis Springer,--,--,--
Temple,Tyler Yelk,--,--,--
Wake Forest,Wayne Lineburg,--,--,--
Navy,Brian Norwood,--,--,--
Tulane,Will Hall,--,--,--
Northwestern,Mike Hankwitz,--,--,--
Vanderbilt,Cameron Norcross,--,--,--
Northwestern,Bob Heffner,--,--,--
Air Force,Ari Confesor,--,--,--
Temple,Thad Ward,--,--,--
Air Force,John Rudzinski,--,--,--
Vanderbilt,Gerry Gdowski,--,--,--
Liberty,Sam Gregg,--,--,--
Brigham Young,Jernaro Gilford,--,--,--
Penn State,Terry Smith,--,--,--
Hawaii,Abe Elimimian,--,--,--
Tulane,J.J. McCleskey,--,--,--
Army,Mike Krysl,--,--,--
Southern California,Chad Kauha'aha'a,--,--,--
Hawaii,Michael Ghobrial,--,--,--
Duke,Derek Jones,--,--,--
Wake Forest,Tyler Santucci,--,--,--
Navy,Billy Stutzmann,--,--,--
Stanford,Lance Anderson,--,--,--
Air Force,Jonathan Wallace,--,--,--
Southern California,Joe DeForest,--,--,--
Wake Forest,Brad Sherrod,--,--,--
Stanford,Tavita Pritchard,--,--,--
Tulane,Jack Curtis,--,--,--
Rice,Bill Best,--,--,--
Liberty,Scott Symons,--,--,--
Liberty,Maurice Harris,--,--,--
Notre Dame,Chip Long,--,--,--
Vanderbilt,Devin Fitzsimmons,--,--,--
Hawaii,Craig Stutzmann,--,--,--
Southern Methodist,Ra'Shaad Samples,--,--,--
Baylor,Shawn Bell,--,--,--
Wake Forest,Lyle Hemphill,--,--,--
Northwestern,Louis Ayeni,--,--,--
Tulsa,Luke Olson,--,--,--
Vanderbilt,Jovan Haye,--,--,--
Texas Christian,Zarnell Fitch,--,--,--
Duke,Jeffrey Faris,--,--,--
Syracuse,Nick Monroe,--,--,--
Wake Forest,Dave Cohen,--,--,--
Miami,Mike Rumph,--,--,--
Texas Christian,Jeremy Modkins,--,--,--
Syracuse,Kirk Martin,--,--,--
Rice,Mike Kershaw,--,--,--
Temple,Walter Stewart,--,--,--
Miami,Dan Enos,--,--,--
Stanford,Peter Hansen,--,--,--
Liberty,Tanner Burns,--,--,--
Air Force,Brian Knorr,--,--,--
Southern California,Graham Harrell,--,--,--
Syracuse,Vinson Reynolds,--,--,--
Tulane,Slade Nagle,--,--,--
Wake Forest,Nicholas Tabacca,--,--,--
Southern Methodist,Rhett Lashlee,--,--,--
Northwestern,Kurt Anderson,--,--,--
Southern California,Clancy Pendergast,--,--,--
Air Force,Chip Vaughn,--,--,--
Boston College,Brian White,--,--,--
Boston College,Jim Reid,--,--,--
Stanford,Duane Akina,--,--,--
Air Force,Mike Thiessen,--,--,--
Southern Methodist,Chris Brasfield,--,--,--
Army,Josh Christian-Young,--,--,--
Pittsburgh,Dave Borbely,--,--,--
Tulane,Coby Kennedy,--,--,--
Tulsa,Carlton Buckels,--,--,--
Army,John Loose,--,--,--
Army,Daryl Dixon,--,--,--
Duke,Matt Guerrieri,--,--,--
Duke,Jim Bridge,--,--,--
Stanford,Pete Alamar,--,--,--
Notre Dame,DelVaughn Alexander,--,--,--
Vanderbilt,Terrence Brown,--,--,--
Hawaii,Mark Banker,--,--,--
Navy,Ashley Ingram,--,--,--
Stanford,Morgan Turner,--,--,--
Boston College,Antoine Smith,--,--,--
Pittsburgh,Chris Beatty,--,--,--
Penn State,Ricky Rahne,--,--,--
Army,Matt Hachmann,--,--,--
Rice,Robbie Picazo,--,--,--
Southern California,John Baxter,--,--,--
Rice,Drew Svoboda,--,--,--
Tulane,Jeff Conway,--,--,--
Notre Dame,Lance Taylor,--,--,--
Northwestern,Matt MacPherson,--,--,--
Temple,Joe Tripodi,--,--,--
Stanford,Bobby Kennedy,--,--,--
Baylor,Marcus Satterfield,--,--,--
Hawaii,Ricky Logo,--,--,--
Vanderbilt,Tim Horton,--,--,--
Southern California,Keary Colbert,--,--,--
Wake Forest,Kevin Higgins,--,--,--
Brigham Young,Ilaisa Tuiaki,--,--,--
Baylor,Mike Siravo,--,--,--
Temple,Craig Harmon,--,--,--
Syracuse,Brian Ward,--,--,--
Penn State,Ja'Juan Seider,--,--,--
Notre Dame,Clark Lea,--,--,--
Hawaii,Andre Allen,--,--,--
Tulsa,Aaron Fletcher,--,--,--
Texas Christian,Malcolm Kelly,--,--,--
Southern California,Johnny Nansen,--,--,--
Tulsa,Justin Hill,--,--,--
Hawaii,Brian Smith,--,--,--
Navy,Jerrick Hall,--,--,--
Vanderbilt,Aaron Moorehead,--,--,--
Army,Mitch Ware,--,--,--
Duke,Trooper Taylor,--,--,--
Miami,Butch Barry,--,--,--
Syracuse,Reno Ferri,--,--,--
Duke,Re'quan Boyette,--,--,--
Navy,Ivin Jasper,--,--,--
Texas Christian,Curtis Luper,--,--,--
Brigham Young,Eric Mateos,--,--,--
Vanderbilt,Matt Weikert,--,--,--
Pittsburgh,Rob Harley,--,--,--
Temple,Melvin Rice,--,--,--
Pittsburgh,Charlie Partridge,--,--,--
Southern Methodist,Randall Joyner,--,--,--
Baylor,Glenn Thomas,--,--,--
Brigham Young,Aaron Roderick,--,--,--
Navy,Steve Johns,--,--,--
Miami,Eric Hickson,--,--,--
Tulane,Kevin Peoples,--,--,--
Baylor,Frank Okam,--,--,--
Army,Sean Saturnio,--,--,--
Texas Christian,Dan Sharp,--,--,--
Syracuse,Justin Lustig,--,--,--
Southern Methodist,Trey Haverty,--,--,--
Texas Christian,Jarrett Anderson,--,--,--
Army,Kevin Corless,--,--,--
Tulsa,Joseph Gillespie,--,--,--
Temple,Francis Brown,--,--,--
Navy,Robert Green,--,--,--
Boston College,Phil Trautwein,--,--,--
Brigham Young,Fesi Sitake,--,--,--
Tulsa,Mike Bloesch,--,--,--
Air Force,Jacob Campbell,--,--,--
Baylor,Joey McGuire,--,--,--
Wake Forest,John Hunter,--,--,--
Miami,Stephen Field,--,--,--
Tulsa,Jordan Najvar,--,--,--
Duke,Kirk Benedict,--,--,--
Army,Brent Davis,--,--,--
Miami,Ephraim Banda,--,--,--
Army,Tucker Waugh,--,--,--
Navy,Danny O'Rourke,--,--,--
Stanford,Ron Gould,--,--,--
Air Force,Ben Miller,--,--,--
Hawaii,Jacob Yoro,--,--,--
Boston College,Ricky Brown,--,--,--
Temple,Mike Uremovich,--,--,--
Liberty,Bruce Johnson,--,--,--
Liberty,Josh Aldridge,--,--,--
Boston College,Bill Sheridan,--,--,--
Air Force,Andre Morris,--,--,--
Penn State,Joe Lorig,--,--,--
Northwestern,Marty Long,--,--,--
Pittsburgh,Andre Powell,--,--,--
Miami,Taylor Stubblefield,--,--,--
Northwestern,Jeff Genyk,--,--,--
Boston College,Frank Leonard,--,--,--
Rice,Scott Vestal,--,--,--
Syracuse,Kim McCloud,--,--,--
Notre Dame,Tom Rees,--,--,--
Miami,Jonathan Patke,--,--,--
Boston College,Eric Lewis,--,--,--
Syracuse,Mike Cavanaugh,--,--,--
Southern California,Mike Jinks,--,--,--
Arizona,Chuck Cecil,--,--,"$2,990,000 "
Syracuse,Mike Lynch,--,--,--
Army,Pat Tresey,--,--,--
Brigham Young,Steve Clark,--,--,--
Tulane,Michael Mutz,--,--,--
Vanderbilt,Jason Tarver,--,--,--
Tulane,Chris Hampton,--,--,--
Tulsa,Jermial Ashley,--,--,--
Navy,Mick Yokitis,--,--,--
Miami,Todd Stroud,--,--,--
Penn State,Tyler Bowen,--,--,--
Rice,Jerry Mack,--,--,--
Brigham Young,Ed Lamb,--,--,--
Northwestern,Tim McGarigle,--,--,--
Pittsburgh,Mark Whipple,--,--,--
Rice,Gerard Wilcher,--,--,--
Texas Christian,Chris Thomsen,--,--,--
Liberty,Ricky Hunley,--,--,--
Southern Methodist,A.J. Ricker,--,--,--
Air Force,Alex Means,--,--,--
Miami,Blake Baker,--,--,--
Wake Forest,Ryan Crawford,--,--,--
Navy,Joe DuPaix,--,--,--
Army,Marcus Edwards,--,--,--
Liberty,Kent Austin,--,--,--
Pittsburgh,Randy Bates,--,--,--
Notre Dame,Brian Polian,--,--,--
Army,Mike Viti,--,--,--
Pittsburgh,Tim Salem,--,--,--
Penn State,Sean Spencer,--,--,--
Southern California,Greg Burns,--,--,--
Notre Dame,Todd Lyght,--,--,--
Northwestern,Mick McCall,--,--,--
Stanford,Kevin Carberry,--,--,--
Army,Kevin Lewis,--,--,--
Air Force,Steed Lobotzke,--,--,--
Liberty,Ben Aigamaua,--,--,--
Boston College,Mike Bajakian,--,--,--
Air Force,Jordan Eason,--,--,--
Penn State,Gerad Parker,--,--,--
Baylor,Jeff Nixon,--,--,--
Boston College,Rich Gunnell,--,--,--
Hawaii,Mark Weber,--,--,--
Navy,Brian Newberry,--,--,--
